{"acc": [0.19828899566389313, 0.2578225711941873], "loss": [4.985814385015688, 4.589806143737099], "batch": [88, 88], "val_acc": [0.0, 0.0], "val_loss": [4.677372455596924, 4.638346195220947], "size": [47, 47]}