{"acc": [[0.0, 0.0, 0.0, 1.0, 0.0, 0.0, 0.0, 0.78125, 1.0, 0.0, 1.0, 0.03125, 0.0, 1.0, 0.0, 0.71875, 0.9375, 0.5625, 0.5625, 0.34375, 0.75, 0.5625, 0.46875, 0.40625, 0.25, 0.1875, 0.34375, 0.03125, 0.03125, 0.0, 0.34375, 0.15625, 0.15625, 0.1875, 0.1875, 0.125, 0.03125, 0.03125, 0.0, 0.0, 0.03125, 0.0625, 0.09375, 0.375, 0.25, 0.0625, 0.0, 0.125, 0.09375, 0.03125, 0.125, 0.125, 0.1875, 0.21875, 0.03125, 0.53125, 0.0, 0.0625, 0.03125, 0.15625, 0.28125, 0.78125, 0.96875, 0.875, 0.75, 0.75, 0.875, 0.9375, 0.90625, 0.9375, 0.90625, 0.78125, 0.625, 0.6875, 0.8125, 0.5625, 0.5625, 0.34375, 0.5625, 0.4375, 0.34375, 0.46875, 0.46875, 0.53125, 0.5625, 0.6875, 0.5, 0.5625, 0.28125, 0.53125, 0.96875, 0.78125, 0.59375, 0.75, 0.8125, 0.40625, 0.625, 0.34375, 0.4375, 0.59375, 0.46875, 0.59375, 0.625, 0.6875, 0.75, 0.71875, 0.53125, 0.375, 0.5, 0.375, 0.4375, 0.875, 0.75, 0.8125, 0.5625, 0.625, 0.46875, 0.6875, 0.65625, 0.84375, 0.65625, 0.625, 0.65625, 0.78125, 0.625, 0.46875, 0.84375, 0.5625, 0.84375, 0.625, 0.875, 0.53125, 0.6875, 0.53125, 0.6875, 0.6875, 0.28125, 0.40625, 0.40625, 0.59375, 0.59375, 0.71875, 0.625, 0.5625, 0.59375, 0.65625, 0.78125, 0.71875, 0.78125, 0.59375, 0.65625, 0.71875, 0.625, 0.5625, 0.625, 0.5625, 0.375, 0.4375, 0.59375, 0.84375, 0.53125, 0.8125, 0.65625, 0.65625, 0.5, 0.59375, 0.5625, 0.5625, 0.78125, 0.78125, 0.5625, 0.375, 0.3125, 0.34375, 0.34375, 0.46875, 0.53125, 0.59375, 0.875, 0.59375, 0.6875, 0.78125, 0.78125, 0.6875, 0.75, 0.75, 0.5, 0.59375, 0.34375, 0.28125, 0.46875, 0.5625, 0.34375, 0.625, 0.65625, 0.8125, 0.65625, 0.875, 0.625, 0.3125, 0.21875, 0.46875, 0.40625, 0.5625, 0.40625, 0.5, 0.75, 0.78125, 0.59375, 0.59375, 0.625, 0.59375, 0.53125, 0.75, 0.5, 0.53125, 0.75, 0.65625, 0.34375, 0.40625, 0.40625, 0.75, 0.65625, 0.625, 0.71875, 0.65625, 0.53125, 0.59375, 0.75, 0.53125, 0.59375, 0.4375, 0.46875, 0.375, 0.34375, 0.59375, 0.28125, 0.5, 0.5, 0.78125, 0.59375, 0.8125, 0.65625, 0.59375, 0.65625, 0.6875, 0.5, 0.375, 0.625, 0.28125, 0.71875, 0.375, 0.6875, 0.5, 0.59375, 0.78125, 0.71875, 0.6875, 0.71875, 0.53125, 0.4375, 0.375, 0.34375, 0.40625, 0.53125, 0.5, 0.28125, 0.625, 0.6875, 0.46875, 0.625, 0.59375, 0.53125, 0.4375, 0.8125, 0.65625, 0.42857142857142855]], "loss": [[10.18802261352539, 6.3645429611206055, 2.5843727588653564, 6.445704460144043, 5.525906085968018, 4.943018436431885, 4.169881343841553, 2.858003854751587, 2.822037696838379, 3.016016960144043, 3.1411194801330566, 4.175218105316162, 2.894514799118042, 3.065217971801758, 2.878741502761841, 3.406209707260132, 2.7310688495635986, 2.6091978549957275, 3.227890968322754, 3.0851500034332275, 3.1370222568511963, 3.3999314308166504, 2.533980369567871, 3.4976396560668945, 3.3724873065948486, 3.0857653617858887, 2.7118754386901855, 3.920616865158081, 5.5547871589660645, 3.1974966526031494, 3.4606831073760986, 4.837592601776123, 4.780550479888916, 4.214271545410156, 5.033288478851318, 5.4016032218933105, 5.602878093719482, 5.5938520431518555, 5.770609378814697, 5.576658248901367, 5.1051859855651855, 5.844735622406006, 5.159844398498535, 3.8240439891815186, 3.585581064224243, 4.689635753631592, 5.335633754730225, 4.853047847747803, 3.9129104614257812, 5.396178722381592, 4.303988933563232, 4.069498538970947, 4.480348587036133, 4.221828937530518, 4.0005974769592285, 3.1899092197418213, 3.8928751945495605, 3.6544418334960938, 3.805983066558838, 3.1334052085876465, 3.347557544708252, 3.095222234725952, 3.185171127319336, 3.002939462661743, 3.063927412033081, 2.902407646179199, 3.0189194679260254, 3.1064765453338623, 2.978611946105957, 2.8360230922698975, 2.8473997116088867, 2.826368570327759, 2.8189890384674072, 2.736294984817505, 2.7034077644348145, 2.7121779918670654, 2.695115327835083, 2.701451301574707, 2.6983156204223633, 2.7081968784332275, 2.7027125358581543, 2.695687770843506, 2.6900417804718018, 2.6931278705596924, 2.6915066242218018, 2.6793124675750732, 2.6815953254699707, 2.680184841156006, 2.699215888977051, 2.672961950302124, 2.670762538909912, 2.6735482215881348, 2.6779167652130127, 2.680480718612671, 2.678307056427002, 2.675384759902954, 2.6767125129699707, 2.6752283573150635, 2.6789073944091797, 2.6778416633605957, 2.6685845851898193, 2.672827959060669, 2.6707072257995605, 2.678959846496582, 2.6704251766204834, 2.6694514751434326, 2.6755282878875732, 2.675753355026245, 2.6701231002807617, 2.68125057220459, 2.671499729156494, 2.6743369102478027, 2.673543691635132, 2.6758077144622803, 2.675499677658081, 2.6714768409729004, 2.670531988143921, 2.674595355987549, 2.668853759765625, 2.6644299030303955, 2.6722042560577393, 2.676473617553711, 2.675539255142212, 2.6632730960845947, 2.666614532470703, 2.667971611022949, 2.6660168170928955, 2.666654348373413, 2.6626222133636475, 2.6691904067993164, 2.663323402404785, 2.6720528602600098, 2.659416675567627, 2.6698453426361084, 2.6623568534851074, 2.6605422496795654, 2.6633963584899902, 2.6636035442352295, 2.666696548461914, 2.661855697631836, 2.6629295349121094, 2.664742946624756, 2.6665916442871094, 2.6647164821624756, 2.6653735637664795, 2.662079095840454, 2.6573047637939453, 2.6582868099212646, 2.6594698429107666, 2.6635584831237793, 2.663991928100586, 2.6598832607269287, 2.6609272956848145, 2.6572580337524414, 2.6592159271240234, 2.6572303771972656, 2.6604042053222656, 2.658623695373535, 2.6567113399505615, 2.6558310985565186, 2.6611764430999756, 2.6544177532196045, 2.658090353012085, 2.6532957553863525, 2.6560747623443604, 2.6557860374450684, 2.6567859649658203, 2.65610671043396, 2.6539647579193115, 2.652820587158203, 2.6548337936401367, 2.654280185699463, 2.6540591716766357, 2.6528921127319336, 2.653075933456421, 2.651235342025757, 2.6535019874572754, 2.6547329425811768, 2.6522905826568604, 2.6506497859954834, 2.6549618244171143, 2.6527814865112305, 2.6524932384490967, 2.651306390762329, 2.652778148651123, 2.6512856483459473, 2.650259494781494, 2.6494204998016357, 2.652855396270752, 2.6513619422912598, 2.651502847671509, 2.648007392883301, 2.64589524269104, 2.650749444961548, 2.6518218517303467, 2.6465163230895996, 2.649049758911133, 2.648075819015503, 2.646354913711548, 2.649282693862915, 2.6459243297576904, 2.6463332176208496, 2.6473233699798584, 2.645655393600464, 2.6456167697906494, 2.646491289138794, 2.644575595855713, 2.644679546356201, 2.6424801349639893, 2.641988515853882, 2.6441166400909424, 2.645202875137329, 2.645808219909668, 2.643573522567749, 2.6441750526428223, 2.6433703899383545, 2.6415505409240723, 2.6434433460235596, 2.6432044506073, 2.6399805545806885, 2.6435110569000244, 2.6411375999450684, 2.639968156814575, 2.6428678035736084, 2.6417396068573, 2.6421725749969482, 2.639751434326172, 2.6412436962127686, 2.638582706451416, 2.641472339630127, 2.639237403869629, 2.6381821632385254, 2.6386163234710693, 2.6391286849975586, 2.6386606693267822, 2.6367900371551514, 2.636962413787842, 2.637540340423584, 2.6380372047424316, 2.637958526611328, 2.636483907699585, 2.6373579502105713, 2.6386046409606934, 2.638075828552246, 2.6351094245910645, 2.6351683139801025, 2.6354963779449463, 2.636482000350952, 2.634631872177124, 2.6347978115081787, 2.6358957290649414, 2.63653826713562, 2.632345676422119, 2.6354990005493164, 2.634389638900757, 2.6331748962402344, 2.6336300373077393, 2.6339688301086426, 2.6314198970794678, 2.63309645652771, 2.632829189300537, 2.6313703060150146, 2.631413459777832, 2.6320672035217285, 2.6311089992523193, 2.632911205291748, 2.630380153656006, 2.6309618949890137, 2.6306426525115967, 2.628957986831665, 2.630565643310547, 2.6313095092773438, 2.630674123764038, 2.6300344467163086, 2.6284546852111816, 2.6292216777801514, 2.6306262016296387]],