{"acc": [0.010893246187363835, 0.041830065359477121, 0.088453159041394336, 0.14422657952069717, 0.20522875816993463, 0.24531590413943355, 0.29978213507625273, 0.3633986928104575, 0.41960784313725491, 0.47843137254901963, 0.53812636165577343, 0.60217864923747277, 0.66318082788671029, 0.71067538126361651, 0.7546840958605664, 0.8013071895424837, 0.83572984749455337, 0.86579520697167756, 0.88976034858387798, 0.90196078431372551], "loss": [6.7513739868446629, 6.0671653953253051, 5.7693685691600791, 5.4057418528205687, 5.085107410031986, 4.7862296515820075, 4.5143830874906383, 4.243636762914055, 3.9375027554746809, 3.6596522333315513, 3.3706758788987701, 3.1269232736433774, 2.851512152021487, 2.6539444527594873, 2.4424354824365353, 2.2763718834629767, 2.1672986784791637, 2.067305292283268, 1.9560302769176841, 1.9098395714313117], "batch": [35, 35, 35, 35, 35, 35, 35, 35, 35, 35, 35, 35, 35, 35, 35, 35, 35, 35, 35, 35], "val_acc": [0.050980392156862744, 0.086274509803921567, 0.18431372549019609, 0.21176470588235294, 0.23921568627450981, 0.27058823529411763, 0.30196078431372547, 0.29411764705882354, 0.28627450980392155, 0.32156862745098042, 0.34509803921568627, 0.32549019607843138, 0.3411764705882353, 0.32549019607843138, 0.35686274509803922, 0.35686274509803922, 0.35294117647058826, 0.3411764705882353, 0.32941176470588235, 0.3411764705882353], "val_loss": [4.6108947342517332, 4.457897648156858, 4.1899996505064125, 3.9326684587142049, 3.7288295652352126, 3.4697352549609017, 3.3567889475354962, 3.1898090325149835, 3.1190374159345442, 3.049627851037418, 2.9604113111308976, 2.9607818874658323, 3.0064755149916107, 3.0578762353635303, 2.9801842764312148, 3.0291584426281499, 3.1072408601349477, 3.1454482695635626, 3.341244375004488, 3.2576220147749959], "size": [31, 31, 31, 31, 31, 31, 31, 31, 31, 31, 31, 31, 31, 31, 31, 31, 31, 31, 31, 31]}