{"acc": [0.90515000000000001, 0.96061666666666667, 0.97050000000000003, 0.97533333333333339, 0.97768333333333335, 0.97988333333333333, 0.98096666666666665, 0.98281666666666667, 0.98326666666666662, 0.98494999999999999, 0.98571666666666669, 0.98588333333333333, 0.98691666666666666, 0.98696666666666666, 0.98785000000000001, 0.98848333333333338, 0.98880000000000001, 0.98919999999999997, 0.98931666666666662, 0.98993333333333333, 0.99001666666666666, 0.99013333333333331, 0.99083333333333334, 0.99093333333333333, 0.99101666666666666, 0.9916666666666667, 0.99141666666666661, 0.99155000000000004, 0.99196666666666666, 0.99224999999999997, 0.99226666666666663, 0.99245000000000005, 0.9926166666666667, 0.99270000000000003, 0.99316666666666664, 0.99336666666666662, 0.99341666666666661, 0.99355000000000004, 0.99365000000000003, 0.99401666666666666, 0.99416666666666664, 0.99433333333333329, 0.99451666666666672, 0.99441666666666662, 0.99460000000000004, 0.995, 0.99506666666666665, 0.99486666666666668, 0.99509999999999998, 0.99524999999999997], "loss": [0.33053182853013274, 0.13765291453991085, 0.1024598668385297, 0.085683241286315021, 0.075583595557836822, 0.068347432130482041, 0.062876242280472075, 0.058612241554306818, 0.055315761235309763, 0.05180547283159103, 0.049564172803424296, 0.047455890098819509, 0.045500480490154586, 0.043434340625070032, 0.041602950068190696, 0.040520263796555808, 0.039177011623862203, 0.037922375659458336, 0.036401004564599132, 0.035418808077694847, 0.034732018926879389, 0.033269409952918071, 0.032675218473537826, 0.031637070126016624, 0.03095495133730583, 0.029915199171868152, 0.029497703988046849, 0.028839740002760662, 0.027878535205905792, 0.027234184998436831, 0.026620667332957964, 0.026056902872864156, 0.025327365409815682, 0.024841917721554637, 0.024256010973098454, 0.023537775296426845, 0.023275283494556789, 0.022622241803386713, 0.022083160668786149, 0.021428587653208524, 0.02109955445403466, 0.020878224557294742, 0.020161263132758903, 0.01959934334701393, 0.019437138664507074, 0.018828102466068232, 0.018486252467671875, 0.018079590764042221, 0.01795639499137178, 0.017642677557567366], "batch": [499, 499, 499, 499, 499, 499, 499, 499, 499, 499, 499, 499, 499, 499, 499, 499, 499, 499, 499, 499, 499, 499, 499, 499, 499, 499, 499, 499, 499, 499, 499, 499, 499, 499, 499, 499, 499, 499, 499, 499, 499, 499, 499, 499, 499, 499, 499, 499, 499, 499], "val_acc": [0.96030000000000004, 0.97199999999999998, 0.97689999999999999, 0.97750000000000004, 0.97889999999999999, 0.98170000000000002, 0.98199999999999998, 0.98360000000000003, 0.98270000000000002, 0.98399999999999999, 0.98570000000000002, 0.9859, 0.98529999999999995, 0.98460000000000003, 0.98599999999999999, 0.98740000000000006, 0.98599999999999999, 0.98680000000000001, 0.9869, 0.98709999999999998, 0.98760000000000003, 0.98809999999999998, 0.98729999999999996, 0.98860000000000003, 0.98799999999999999, 0.98829999999999996, 0.98729999999999996, 0.98850000000000005, 0.98819999999999997, 0.98770000000000002, 0.98819999999999997, 0.98939999999999995, 0.98809999999999998, 0.98909999999999998, 0.98919999999999997, 0.98880000000000001, 0.98939999999999995, 0.9879, 0.98939999999999995, 0.98880000000000001, 0.98829999999999996, 0.9889, 0.99019999999999997, 0.98850000000000005, 0.98919999999999997, 0.98880000000000001, 0.98829999999999996, 0.98809999999999998, 0.98770000000000002, 0.98880000000000001], "val_loss": [0.14708663998637347, 0.098336016813293098, 0.078752681673038755, 0.073784506542608139, 0.067450161992455834, 0.058926055098650974, 0.059708406083867883, 0.052353189866989849, 0.054317825821752194, 0.050114936275000216, 0.045398782376607417, 0.046181283146725038, 0.043573587077029512, 0.04502493647756637, 0.044548250851861669, 0.039969530020782261, 0.040460148279351418, 0.041977240525709933, 0.039346962844138036, 0.039960885764536214, 0.038408073483238693, 0.036790718106378337, 0.037053986089653337, 0.036263321228238055, 0.037494470492936673, 0.037828342651919228, 0.035452225911387358, 0.035007626642793187, 0.036411598497375963, 0.036113358301518017, 0.035427205118103301, 0.034769211165345044, 0.036648579683969729, 0.034480304675744262, 0.033858902658910665, 0.034677941337024093, 0.033994524680951148, 0.036847042278386651, 0.033552422657288847, 0.033994095665351776, 0.035691130898594568, 0.035501761530162185, 0.032935421555986978, 0.036905515864287738, 0.034404421192470183, 0.0340766027947393, 0.034828763666195299, 0.035538300291111227, 0.036199627008201785, 0.033702748224750396], "size": [60, 60, 60, 60, 60, 60, 60, 60, 60, 60, 60, 60, 60, 60, 60, 60, 60, 60, 60, 60, 60, 60, 60, 60, 60, 60, 60, 60, 60, 60, 60, 60, 60, 60, 60, 60, 60, 60, 60, 60, 60, 60, 60, 60, 60, 60, 60, 60, 60, 60]}