{"acc": [0.30868333333333331, 0.83494999999999997, 0.91506666666666669, 0.93796666666666662, 0.94878333333333331, 0.9559333333333333, 0.95981666666666665, 0.96404999999999996, 0.96608333333333329, 0.96794999999999998, 0.96973333333333334, 0.97124999999999995, 0.9720333333333333, 0.97324999999999995, 0.97445000000000004, 0.97494999999999998, 0.97623333333333329, 0.9765166666666667, 0.97670000000000001, 0.97738333333333338, 0.97853333333333337, 0.97846666666666671, 0.97899999999999998, 0.97933333333333328, 0.97968333333333335, 0.98038333333333338, 0.98108333333333331, 0.98119999999999996, 0.98098333333333332, 0.98178333333333334, 0.98178333333333334, 0.98229999999999995, 0.9825166666666667, 0.98309999999999997, 0.98324999999999996, 0.98309999999999997, 0.98365000000000002, 0.98378333333333334, 0.98394999999999999, 0.98414999999999997, 0.9846166666666667, 0.98478333333333334, 0.98480000000000001, 0.98513333333333331, 0.98546666666666671, 0.98546666666666671, 0.98560000000000003, 0.98591666666666666, 0.98611666666666664, 0.98598333333333332], "loss": [2.1288324377536774, 0.99171077695488929, 0.43724274818599224, 0.29276214708387854, 0.22836427843570709, 0.19130610781908036, 0.16777934888750315, 0.1511622595153749, 0.13844463083520531, 0.12868008471839129, 0.12072795445844531, 0.11396307345107198, 0.10856026075780392, 0.10371582220867276, 0.099249140903353697, 0.096351944779977203, 0.09250804415158928, 0.089394605580717323, 0.08710726755764335, 0.084498909551650292, 0.082610025970265274, 0.080219707321375608, 0.078446503610350188, 0.07604942159354687, 0.074879837853834036, 0.073130051748827099, 0.071513875978533176, 0.07003061662893742, 0.068938179735094307, 0.067759112567640847, 0.066379457660950714, 0.065386074024252588, 0.064078439648263152, 0.063060515081509949, 0.062249896841123697, 0.061157067069783806, 0.060321075913030653, 0.059529725912958381, 0.058654905517585579, 0.057885281380265954, 0.056883278191555295, 0.056268534452188761, 0.055778030303772541, 0.055012341879308223, 0.054008066916838286, 0.053376761847175658, 0.053055825436022136, 0.052271789230871946, 0.051383720996789631, 0.050903680628631265], "batch": [499, 499, 499, 499, 499, 499, 499, 499, 499, 499, 499, 499, 499, 499, 499, 499, 499, 499, 499, 499, 499, 499, 499, 499, 499, 499, 499, 499, 499, 499, 499, 499, 499, 499, 499, 499, 499, 499, 499, 499, 499, 499, 499, 499, 499, 499, 499, 499, 499, 499], "val_acc": [0.77990000000000004, 0.91400000000000003, 0.93810000000000004, 0.94810000000000005, 0.95909999999999995, 0.9637, 0.96709999999999996, 0.96999999999999997, 0.97189999999999999, 0.97209999999999996, 0.97299999999999998, 0.97440000000000004, 0.97470000000000001, 0.97529999999999994, 0.97760000000000002, 0.97719999999999996, 0.97709999999999997, 0.97829999999999995, 0.97950000000000004, 0.97960000000000003, 0.97950000000000004, 0.97950000000000004, 0.97799999999999998, 0.98070000000000002, 0.98070000000000002, 0.98109999999999997, 0.98109999999999997, 0.98199999999999998, 0.98119999999999996, 0.98160000000000003, 0.98219999999999996, 0.98209999999999997, 0.98299999999999998, 0.9829, 0.98299999999999998, 0.98360000000000003, 0.98350000000000004, 0.98340000000000005, 0.98209999999999997, 0.98460000000000003, 0.98329999999999995, 0.98380000000000001, 0.98229999999999995, 0.98480000000000001, 0.98519999999999996, 0.9849, 0.98509999999999998, 0.98529999999999995, 0.98450000000000004, 0.98499999999999999], "val_loss": [1.6249376196861267, 0.54515715390443797, 0.31322698198258875, 0.23235462871938944, 0.18563686716556549, 0.16017289921641351, 0.13904818518087267, 0.12436223772726954, 0.11605938303098083, 0.11033158525079488, 0.10146610762551427, 0.096250839186832304, 0.092482209591194992, 0.089658542968332769, 0.086116329855285584, 0.082322709137573835, 0.081128865043632689, 0.076758656441234058, 0.074624308888334781, 0.072127570211887357, 0.071201156693976378, 0.070899363961070772, 0.073521643495652822, 0.067019435380119827, 0.069131687281187626, 0.065084085966926067, 0.064244562402367589, 0.062030374349094926, 0.060580213491106406, 0.061538494429085405, 0.060531368028605356, 0.058862919839331881, 0.056088352594757453, 0.058240397431189195, 0.057284239619970319, 0.055681662465212868, 0.056184479949763041, 0.053012005666270852, 0.056516588835045692, 0.051830611814279108, 0.054182786756660786, 0.052928338088095189, 0.055162158669671044, 0.051266823332756756, 0.04923195837298408, 0.050062456755433235, 0.049445620746351782, 0.049120858128182593, 0.049881778597598896, 0.049627015107427723], "size": [60, 60, 60, 60, 60, 60, 60, 60, 60, 60, 60, 60, 60, 60, 60, 60, 60, 60, 60, 60, 60, 60, 60, 60, 60, 60, 60, 60, 60, 60, 60, 60, 60, 60, 60, 60, 60, 60, 60, 60, 60, 60, 60, 60, 60, 60, 60, 60, 60, 60]}