{"acc": [0.082788671023965144, 0.33028322440087143, 0.51546840958605666, 0.66318082788671029, 0.76514161220043575, 0.83747276688453154, 0.88017429193899777, 0.91764705882352937, 0.94596949891067539, 0.9507625272331155, 0.97385620915032678, 0.97298474945533764, 0.98300653594771237, 0.98387799564270151, 0.98562091503267979, 0.98736383442265796, 0.98954248366013076, 0.99346405228758172, 0.99259259259259258, 0.9882352941176471], "loss": [6.0311047778410067, 4.3905254822151329, 3.4968040800821809, 2.8594896875435492, 2.4294221335766362, 2.1355742121054457, 1.9627188392194528, 1.8300911987009651, 1.7218835843674238, 1.6848226492181582, 1.6105601330468338, 1.6051382680863857, 1.5701692802454132, 1.552803734808446, 1.5454982095813958, 1.5325439791274227, 1.5226723032060012, 1.5028706877319902, 1.4958360194121052, 1.4963012423130941], "batch": [35, 35, 35, 35, 35, 35, 35, 35, 35, 35, 35, 35, 35, 35, 35, 35, 35, 35, 35, 35], "val_acc": [0.28235294117647058, 0.41568627450980394, 0.52941176470588236, 0.5725490196078431, 0.60392156862745094, 0.60784313725490191, 0.63529411764705879, 0.64313725490196083, 0.6588235294117647, 0.65098039215686276, 0.65490196078431373, 0.64313725490196083, 0.67450980392156867, 0.6588235294117647, 0.68627450980392157, 0.66666666666666663, 0.68235294117647061, 0.6588235294117647, 0.67450980392156867, 0.68235294117647061], "val_loss": [3.527317869896982, 2.6934850131764132, 2.1412356965682084, 1.8377918556624768, 1.6691599242827471, 1.5871285747079289, 1.4864368003957411, 1.4016207587485221, 1.358686227424472, 1.333899052470338, 1.325739091050391, 1.3468797847336413, 1.2992259306066176, 1.3034639106077306, 1.2786028721753289, 1.3167948685440363, 1.2677111555548275, 1.3079552154915006, 1.2643354729110119, 1.3060909093595019], "size": [31, 31, 31, 31, 31, 31, 31, 31, 31, 31, 31, 31, 31, 31, 31, 31, 31, 31, 31, 31]}