{"acc": [[0.015625, 0.03125, 0.03125, 0.0625, 0.109375, 0.09375, 0.234375, 0.3125, 0.21875, 0.3125, 0.34375, 0.21875, 0.328125, 0.25, 0.28125, 0.296875, 0.328125, 0.421875, 0.328125, 0.15625, 0.3125, 0.28125, 0.359375, 0.234375, 0.25, 0.21875, 0.3125, 0.21875, 0.375, 0.21875, 0.3125, 0.25, 0.28125, 0.390625, 0.265625, 0.328125, 0.296875, 0.234375, 0.296875, 0.234375, 0.3125, 0.28125, 0.28125, 0.328125, 0.25, 0.3125, 0.25, 0.265625, 0.3125, 0.265625, 0.421875, 0.296875, 0.171875, 0.296875, 0.328125, 0.296875, 0.265625, 0.296875, 0.203125, 0.25, 0.25, 0.265625, 0.296875, 0.375, 0.3125, 0.25, 0.21875, 0.171875, 0.3125, 0.328125, 0.28125, 0.3125, 0.265625, 0.3125, 0.25, 0.234375, 0.296875, 0.34375, 0.3125, 0.28125, 0.265625, 0.328125, 0.3125, 0.21875, 0.3125, 0.234375, 0.234375, 0.265625, 0.296875, 0.375, 0.375, 0.3125, 0.265625, 0.3125, 0.375, 0.28125, 0.3125, 0.28125, 0.328125, 0.375, 0.375, 0.3125, 0.4375, 0.328125, 0.3125, 0.40625, 0.328125, 0.22727272727272727]], "loss": [[5.020229816436768, 5.0177483558654785, 5.021620750427246, 5.019570350646973, 5.014196395874023, 5.009424209594727, 4.999459266662598, 4.983288288116455, 4.994353771209717, 4.973876476287842, 4.951876163482666, 4.971766948699951, 4.934252738952637, 4.956415176391602, 4.941740036010742, 4.9328508377075195, 4.914895057678223, 4.874716281890869, 4.881856918334961, 4.930565357208252, 4.87253999710083, 4.874913692474365, 4.836084842681885, 4.90583610534668, 4.854839324951172, 4.858582019805908, 4.854994297027588, 4.871039867401123, 4.792749404907227, 4.814172267913818, 4.782337188720703, 4.826156139373779, 4.760406494140625, 4.684649467468262, 4.748805522918701, 4.730709075927734, 4.747848987579346, 4.732448577880859, 4.654900550842285, 4.73414421081543, 4.580855846405029, 4.618680477142334, 4.649507522583008, 4.592564582824707, 4.642320156097412, 4.519067764282227, 4.635680675506592, 4.568704605102539, 4.443692684173584, 4.5555739402771, 4.369967937469482, 4.445258140563965, 4.557445526123047, 4.503404140472412, 4.320262908935547, 4.301895618438721, 4.368469715118408, 4.38141393661499, 4.472130298614502, 4.351569652557373, 4.389315128326416, 4.338014125823975, 4.18214225769043, 4.1126251220703125, 4.2034711837768555, 4.430483341217041, 4.295605659484863, 4.524415969848633, 4.120376110076904, 4.000341892242432, 4.137144088745117, 4.021018028259277, 4.193624973297119, 3.9958865642547607, 4.126049518585205, 4.205822944641113, 3.93908429145813, 3.883619546890259, 4.05621862411499, 3.994227170944214, 3.963135242462158, 3.9995884895324707, 3.9266631603240967, 4.22502326965332, 3.961843967437744, 4.213815212249756, 4.060529708862305, 3.9369616508483887, 3.956613540649414, 3.6206440925598145, 3.638244152069092, 3.8314402103424072, 3.9528708457946777, 3.814929723739624, 3.581554412841797, 3.843080997467041, 3.6717638969421387, 3.900907039642334, 3.675856828689575, 3.596710443496704, 3.500880718231201, 3.7794644832611084, 3.2552218437194824, 3.605605363845825, 3.852109670639038, 3.3746864795684814, 3.732938766479492, 3.82002854347229]], "test_acc": [[0.25, 0.296875, 0.375, 0.265625, 0.34375, 0.1875, 0.296875, 0.25]], "val_size": [[64, 64, 64, 64, 64, 64, 64, 64, 64, 64, 64, 64, 64, 64, 64, 64, 64, 64, 64, 64, 64, 64, 64, 64, 64, 64, 64, 43]], "batch": [[0, 1, 2, 3, 4, 5, 6, 7, 8, 9, 10, 11, 12, 13, 14, 15, 16, 17, 18, 19, 20, 21, 22, 23, 24, 25, 26, 27, 28, 29, 30, 31, 32, 33, 34, 35, 36, 37, 38, 39, 40, 41, 42, 43, 44, 45, 46, 47, 48, 49, 50, 51, 52, 53, 54, 55, 56, 57, 58, 59, 60, 61, 62, 63, 64, 65, 66, 67, 68, 69, 70, 71, 72, 73, 74, 75, 76, 77, 78, 79, 80, 81, 82, 83, 84, 85, 86, 87, 88, 89, 90, 91, 92, 93, 94, 95, 96, 97, 98, 99, 100, 101, 102, 103, 104, 105, 106, 107]], "val_acc": [[0.28125, 0.203125, 0.390625, 0.28125, 0.34375, 0.28125, 0.171875, 0.265625, 0.453125, 0.28125, 0.234375, 0.421875, 0.25, 0.328125, 0.375, 0.28125, 0.421875, 0.296875, 0.265625, 0.3125, 0.328125, 0.296875, 0.234375, 0.265625, 0.25, 0.390625, 0.234375, 0.2558139534883721]], "test_size": [[64, 64, 64, 64, 64, 64, 64, 56]], "test_loss": [[3.6052122116088867, 3.225680351257324, 3.1982011795043945, 3.421422004699707, 3.2362961769104004, 3.816094398498535, 3.295135974884033, 3.4866580963134766]], "val_loss": [[3.319647789001465, 3.7143824100494385, 3.0499579906463623, 3.2212462425231934, 3.1803956031799316, 3.3971571922302246, 3.878185510635376, 3.40301513671875, 2.890188217163086, 3.415576457977295, 3.5811898708343506, 2.8579721450805664, 3.46994686126709, 3.2293567657470703, 3.1343305110931396, 3.347482681274414, 2.964754104614258, 3.285611152648926, 3.4151694774627686, 3.207690715789795, 3.3234200477600098, 3.288679361343384, 3.6210198402404785, 3.3558740615844727, 3.4504435062408447, 3.0158848762512207, 3.5050888061523438, 3.3418819904327393]], "size": [[64, 64, 64, 64, 64, 64, 64, 64, 64, 64, 64, 64, 64, 64, 64, 64, 64, 64, 64, 64, 64, 64, 64, 64, 64, 64, 64, 64, 64, 64, 64, 64, 64, 64, 64, 64, 64, 64, 64, 64, 64, 64, 64, 64, 64, 64, 64, 64, 64, 64, 64, 64, 64, 64, 64, 64, 64, 64, 64, 64, 64, 64, 64, 64, 64, 64, 64, 64, 64, 64, 64, 64, 64, 64, 64, 64, 64, 64, 64, 64, 64, 64, 64, 64, 64, 64, 64, 64, 64, 64, 64, 64, 64, 64, 64, 64, 64, 64, 64, 64, 64, 64, 64, 64, 64, 64, 64, 22]]}