{"acc": [0.010784313725490196, 0.032352941176470591, 0.10686274509803921, 0.24803921568627452, 0.38823529411764707, 0.53774509803921566, 0.72352941176470587, 0.8225490196078431, 0.8867647058823529, 0.93137254901960786, 0.94656862745098036, 0.95833333333333337, 0.97450980392156861, 0.97303921568627449, 0.9813725490196078, 0.98970588235294121, 0.99607843137254903, 0.99607843137254903, 0.99705882352941178, 0.99852941176470589], "loss": [9.814924011978448, 9.5552475349575872, 9.0858004439110847, 8.2976013931573611, 7.5137679679721012, 6.7756091529247806, 5.9689025411418841, 5.5221991669897941, 5.2808717297572718, 5.0860577489815508, 4.9852027238584036, 4.897951537487554, 4.8238779124091655, 4.7542380519941743, 4.7252540700575887, 4.6559276861302994, 4.5625127736259907, 4.5305950202193914, 4.4909306806676526, 4.4512834679846671], "batch": [31, 31, 31, 31, 31, 31, 31, 31, 31, 31, 31, 31, 31, 31, 31, 31, 31, 31, 31, 31], "val_acc": [0.021568627450980392, 0.066666666666666666, 0.18235294117647058, 0.25686274509803919, 0.30588235294117649, 0.34901960784313724, 0.38039215686274508, 0.34313725490196079, 0.34901960784313724, 0.3235294117647059, 0.39215686274509803, 0.39019607843137255, 0.38627450980392158, 0.40196078431372551, 0.40588235294117647, 0.43333333333333335, 0.40980392156862744, 0.40196078431372551, 0.41764705882352943, 0.41568627450980394], "val_loss": [4.6153633360769231, 4.3988281455694462, 3.8077641907860249, 3.3373642482009589, 3.2720998287200929, 2.9538521130879718, 2.992219082514445, 3.4686870827394372, 3.6661204571817434, 3.9942297963535083, 3.6511544377196068, 3.6310004168865726, 3.9633498827616376, 3.6127476916593664, 3.7622951301873897, 3.4439686850005504, 3.6243026032167323, 3.6723925169776468, 3.5587388104083493, 3.7987501770842309], "size": [31, 31, 31, 31, 31, 31, 31, 31, 31, 31, 31, 31, 31, 31, 31, 31, 31, 31, 31, 31]}