{"acc": [0.87708333333333333, 0.94415000000000004, 0.95728333333333337, 0.96363333333333334, 0.96809999999999996, 0.97061666666666668, 0.97240000000000004, 0.97463333333333335, 0.97589999999999999, 0.97671666666666668, 0.97709999999999997, 0.97786666666666666, 0.97916666666666663, 0.97916666666666663, 0.97976666666666667, 0.98006666666666664, 0.98014999999999997, 0.98083333333333333, 0.98106666666666664, 0.9815166666666667], "loss": [0.44250235428661105, 0.19071814171969892, 0.14728014717437327, 0.12539258985593915, 0.11141261311993003, 0.10209201962128281, 0.094904464379884299, 0.089959357711486512, 0.086005284434184426, 0.082472095850855118, 0.079446233074180778, 0.077127524739131328, 0.074673756157979373, 0.072998292773496357, 0.071329260986298326, 0.069948322532698518, 0.068589493141509597, 0.067321133017539975, 0.066255237789824603, 0.065151022106874734], "batch": [499, 499, 499, 499, 499, 499, 499, 499, 499, 499, 499, 499, 499, 499, 499, 499, 499, 499, 499, 499], "val_acc": [0.93940000000000001, 0.95620000000000005, 0.96419999999999995, 0.96779999999999999, 0.97209999999999996, 0.97409999999999997, 0.97489999999999999, 0.97570000000000001, 0.97650000000000003, 0.97829999999999995, 0.9788, 0.97899999999999998, 0.97960000000000003, 0.97950000000000004, 0.97999999999999998, 0.9798, 0.98040000000000005, 0.98140000000000005, 0.98050000000000004, 0.98129999999999995], "val_loss": [0.21306348760053515, 0.14864990250021221, 0.12111955129960551, 0.10624222669843585, 0.097550070313736803, 0.090752194266766312, 0.084524003514787185, 0.080773521227296446, 0.081105809028958906, 0.076339702325174591, 0.072754749599378554, 0.071278784390306105, 0.069394790604943413, 0.069238971725106235, 0.066865721852518614, 0.066758768262690865, 0.064582521314499902, 0.063383980492712003, 0.062736810194444839, 0.061906529565341768], "size": [60, 60, 60, 60, 60, 60, 60, 60, 60, 60, 60, 60, 60, 60, 60, 60, 60, 60, 60, 60]}