{"acc": [0.010294117647058823, 0.030392156862745098, 0.10588235294117647, 0.23480392156862745, 0.37254901960784315, 0.50931372549019605, 0.64656862745098043, 0.76764705882352946, 0.8598039215686275, 0.89558823529411768, 0.93676470588235294, 0.95049019607843133, 0.97058823529411764, 0.98088235294117643, 0.97941176470588232, 0.98921568627450984, 0.99607843137254903, 0.99558823529411766, 0.99313725490196081, 0.99460784313725492], "loss": [9.8020458071839567, 9.5724761888092633, 9.1857979755775609, 8.4835470573574892, 7.6678998236562688, 6.9562829036338654, 6.2929711397956396, 5.7933286218082207, 5.4795562239254219, 5.2841753660463819, 5.1441040151259481, 5.0815929001452878, 5.0031982440574501, 4.9133482615152992, 4.8866621784135411, 4.8455950138615629, 4.7911644505519497, 4.7669715395160752, 4.7473865845624141, 4.7217862334905885], "batch": [15, 15, 15, 15, 15, 15, 15, 15, 15, 15, 15, 15, 15, 15, 15, 15, 15, 15, 15, 15], "val_acc": [0.013725490196078431, 0.066666666666666666, 0.16274509803921569, 0.24509803921568626, 0.31372549019607843, 0.31372549019607843, 0.33333333333333331, 0.36470588235294116, 0.31960784313725488, 0.38823529411764707, 0.37647058823529411, 0.396078431372549, 0.40000000000000002, 0.41568627450980394, 0.38627450980392158, 0.4137254901960784, 0.42156862745098039, 0.40588235294117647, 0.39411764705882352, 0.40196078431372551], "val_loss": [4.5985596899892771, 4.4631883284624889, 3.9990849083545159, 3.4167470885258093, 3.1516296620462456, 3.127460397458544, 3.2248747077642701, 3.2293350191677317, 3.6254212108312869, 3.8248330546360392, 3.6393063760271258, 3.5518269931568818, 3.6934721703622855, 3.7164801840688666, 3.9631168533773984, 3.6519383692273908, 3.6448301296608121, 3.8844125710281672, 3.9297659630868949, 3.9726863674089019], "size": [63, 63, 63, 63, 63, 63, 63, 63, 63, 63, 63, 63, 63, 63, 63, 63, 63, 63, 63, 63]}