{"acc": [[0.0, 0.0, 0.09375, 0.1875, 0.0625, 0.21875, 0.15625, 0.15625, 0.25, 0.15625, 0.09375, 0.1875, 0.3125, 0.0625, 0.1875, 0.21875, 0.28125, 0.1875, 0.3125, 0.21875, 0.15625, 0.40625, 0.25, 0.25, 0.1875, 0.21875, 0.25, 0.25, 0.375, 0.25, 0.1875, 0.1875, 0.34375, 0.3125, 0.28125, 0.21875, 0.25, 0.21875, 0.375, 0.25, 0.21875, 0.25, 0.21875, 0.375, 0.15625, 0.21875, 0.09375, 0.28125, 0.25, 0.25, 0.25, 0.15625, 0.15625, 0.21875, 0.21875, 0.34375, 0.1875, 0.34375, 0.3125, 0.40625, 0.25, 0.1875, 0.34375, 0.21875, 0.40625, 0.3125, 0.1875, 0.1875, 0.21875, 0.15625, 0.1875, 0.125, 0.1875, 0.1875, 0.15625, 0.1875, 0.25, 0.25, 0.1875, 0.34375, 0.28125, 0.28125, 0.1875, 0.21875, 0.1875, 0.125, 0.25, 0.09375, 0.28125, 0.21875, 0.34375, 0.3125, 0.3125, 0.25, 0.28125, 0.3125, 0.25, 0.25, 0.3125, 0.21875, 0.25, 0.25, 0.21875, 0.21875, 0.28125, 0.25, 0.3125, 0.28125, 0.375, 0.125, 0.25, 0.3125, 0.25, 0.21875, 0.09375, 0.25, 0.1875, 0.3125, 0.25, 0.40625, 0.28125, 0.28125, 0.21875, 0.21875, 0.3125, 0.28125, 0.1875, 0.21875, 0.21875, 0.125, 0.28125, 0.09375, 0.25, 0.125, 0.28125, 0.3125, 0.25, 0.3125, 0.25, 0.1875, 0.1875, 0.28125, 0.3125, 0.125, 0.21875, 0.25, 0.34375, 0.1875, 0.21875, 0.3125, 0.40625, 0.125, 0.3125, 0.25, 0.375, 0.28125, 0.375, 0.34375, 0.3125, 0.34375, 0.125, 0.25, 0.4375, 0.1875, 0.28125, 0.34375, 0.21875, 0.3125, 0.28125, 0.3125, 0.21875, 0.28125, 0.375, 0.34375, 0.5, 0.25, 0.28125, 0.28125, 0.46875, 0.375, 0.25, 0.15625, 0.3125, 0.15625, 0.25, 0.3125, 0.25, 0.3125, 0.15625, 0.28125, 0.25, 0.21875, 0.28125, 0.21875, 0.1875, 0.21875, 0.3125, 0.1875, 0.1875, 0.40625, 0.125, 0.1875, 0.15625, 0.25, 0.15625, 0.375, 0.21875, 0.28125, 0.28125, 0.375, 0.21875, 0.21875, 0.28125, 0.3125, 0.25, 0.3125, 0.21875, 0.34375, 0.40625, 0.25, 0.25, 0.34375, 0.15625, 0.1875, 0.15625, 0.09375, 0.3125, 0.28125, 0.21875, 0.34375, 0.1875, 0.34375, 0.3125, 0.40625, 0.1875, 0.53125, 0.25, 0.34375, 0.1875, 0.28125, 0.28125, 0.3125, 0.375, 0.3125, 0.46875, 0.3125, 0.1875, 0.3125, 0.1875, 0.21875, 0.15625, 0.34375, 0.25, 0.21875, 0.25, 0.21875, 0.40625, 0.3125, 0.25, 0.40625, 0.21875, 0.125, 0.25, 0.3125, 0.25, 0.1875, 0.25, 0.34375, 0.28125, 0.3125, 0.28125, 0.28125, 0.40625, 0.28125, 0.21875, 0.34375, 0.7142857142857143]], "loss": [[5.68405294418335, 5.679961204528809, 5.616754055023193, 5.5647196769714355, 5.531463146209717, 5.495643615722656, 5.523512363433838, 5.441030025482178, 5.312441825866699, 5.399123191833496, 5.510244369506836, 5.357340335845947, 4.979239463806152, 5.503133296966553, 5.334808826446533, 5.308423042297363, 5.077510833740234, 5.448849678039551, 5.106761455535889, 5.257440090179443, 5.357609272003174, 4.977211952209473, 5.193079948425293, 5.1028666496276855, 5.32864236831665, 5.140811443328857, 5.159575462341309, 5.198012828826904, 4.800021648406982, 5.14470911026001, 5.187044143676758, 5.0231475830078125, 5.027728080749512, 4.946065425872803, 5.2411088943481445, 5.140888690948486, 5.161790370941162, 5.344885349273682, 4.991179943084717, 5.380765438079834, 5.063640594482422, 5.3277764320373535, 5.408069133758545, 4.782437324523926, 5.110305309295654, 5.447999954223633, 5.303569316864014, 5.281156063079834, 5.241714000701904, 5.347921371459961, 5.279238700866699, 5.4364447593688965, 5.59767484664917, 5.236367225646973, 5.400230407714844, 5.2418317794799805, 5.203917026519775, 5.104154109954834, 5.054592609405518, 4.464057922363281, 5.192261695861816, 5.355958938598633, 4.905066967010498, 5.32126522064209, 5.01914644241333, 5.229702472686768, 5.044079780578613, 5.221733093261719, 5.301579475402832, 5.4529948234558105, 5.3023176193237305, 5.389019012451172, 5.294503211975098, 5.118631362915039, 5.024918556213379, 5.422722339630127, 4.876201629638672, 5.20343542098999, 5.34793758392334, 5.051183700561523, 5.332162857055664, 5.174252986907959, 5.2212233543396, 5.248923301696777, 5.296086311340332, 5.386477947235107, 4.93949556350708, 5.364973545074463, 4.880136489868164, 5.1286540031433105, 4.893901824951172, 4.932750225067139, 5.143868446350098, 5.147638320922852, 4.7288289070129395, 4.897441387176514, 5.019357204437256, 5.257229328155518, 4.710123062133789, 5.097324371337891, 5.091712474822998, 5.006560325622559, 5.310488224029541, 5.035676956176758, 4.9749627113342285, 4.949370861053467, 5.033761978149414, 5.1109747886657715, 4.742964744567871, 5.424582481384277, 4.586033344268799, 4.733537673950195, 5.294452667236328, 5.047921180725098, 5.497859954833984, 4.872843265533447, 5.327873229980469, 4.696422100067139, 5.109615802764893, 4.6085524559021, 4.964989185333252, 5.038617134094238, 5.079945087432861, 4.951823711395264, 4.821473121643066, 4.915871620178223, 5.140962600708008, 4.94840145111084, 5.276375770568848, 5.304640769958496, 5.026646614074707, 5.204726696014404, 4.809662818908691, 5.449406147003174, 4.9115118980407715, 4.488872051239014, 4.6458210945129395, 4.803281784057617, 4.916238784790039, 5.174973487854004, 5.101089000701904, 4.867671489715576, 4.8109846115112305, 5.340048789978027, 5.0320305824279785, 5.009998321533203, 4.714663982391357, 5.232819557189941, 4.92230749130249, 4.751279354095459, 4.396435737609863, 5.158746719360352, 5.129447937011719, 4.771758079528809, 4.697913646697998, 4.7495036125183105, 4.585765838623047, 4.549534797668457, 4.986049175262451, 4.238216876983643, 5.133244514465332, 4.774456977844238, 4.274204730987549, 4.9245924949646, 4.940659999847412, 4.8316216468811035, 5.1505446434021, 4.649993896484375, 4.9698567390441895, 4.564573287963867, 5.336051940917969, 4.781228542327881, 4.749386787414551, 4.871832847595215, 4.2997145652771, 4.74448299407959, 4.604554653167725, 4.646487712860107, 4.128948211669922, 4.413140773773193, 4.648919105529785, 5.1561150550842285, 4.6915717124938965, 5.362616062164307, 4.863941192626953, 4.842965126037598, 4.753939151763916, 4.868987560272217, 5.341073513031006, 4.8299970626831055, 4.958548069000244, 4.911581039428711, 4.5791168212890625, 4.832268238067627, 5.159519672393799, 5.205936908721924, 4.668656826019287, 5.076906681060791, 5.006190299987793, 4.473183631896973, 5.183194637298584, 5.172726154327393, 5.043373107910156, 4.6932172775268555, 5.280464172363281, 4.863468170166016, 4.993553638458252, 4.56347131729126, 4.87569522857666, 4.419190883636475, 5.2811360359191895, 4.9743828773498535, 4.583434104919434, 4.509869575500488, 4.7537150382995605, 4.533321380615234, 4.87221097946167, 4.431889533996582, 4.519328594207764, 5.015294075012207, 4.655916690826416, 4.278005599975586, 5.277015209197998, 5.167239189147949, 5.252591133117676, 5.378049373626709, 4.677209377288818, 4.836514472961426, 4.841098785400391, 4.361666202545166, 5.121115684509277, 4.506594181060791, 4.6214823722839355, 4.00783634185791, 5.007265567779541, 3.5031774044036865, 4.754307270050049, 4.604575157165527, 4.984416961669922, 4.424306869506836, 4.72592830657959, 4.598053932189941, 4.372608661651611, 4.733656406402588, 4.146501064300537, 4.6722283363342285, 5.045271873474121, 4.546405792236328, 5.2343220710754395, 4.763149261474609, 4.910524845123291, 4.464725971221924, 4.405679225921631, 5.055790901184082, 4.852595806121826, 4.971163272857666, 4.2530646324157715, 4.520155906677246, 4.775081157684326, 4.25467586517334, 4.705809593200684, 4.774025917053223, 4.6269073486328125, 4.386322498321533, 4.859363555908203, 4.733786582946777, 4.399850368499756, 4.3862104415893555, 4.6735453605651855, 4.476505279541016, 4.56896448135376, 4.4991865158081055, 4.320316314697266, 4.665289402008057, 4.756995677947998, 4.5670976638793945, 3.2678821086883545]], "val_size": [[32, 32, 32, 32, 32, 32, 32, 32, 32, 18]],