{"acc": [0.013235294117647059, 0.010784313725490196, 0.025490196078431372, 0.049019607843137254, 0.068137254901960778, 0.089215686274509806, 0.094607843137254899, 0.12156862745098039, 0.13480392156862744, 0.15588235294117647, 0.16078431372549021, 0.17843137254901961, 0.19215686274509805, 0.19411764705882353, 0.2068627450980392, 0.22549019607843138, 0.22745098039215686, 0.23333333333333334, 0.25, 0.25441176470588234], "loss": [9.7040155859554513, 9.1321928136488975, 8.6079711839264519, 8.1252335305307426, 7.7530497607062845, 7.4502852701673321, 7.2085865226446417, 6.9767847659541111, 6.7920468835269707, 6.6017752572601918, 6.4520019531250004, 6.3060540087082808, 6.1638241225597907, 6.062355970868877, 5.9601215343849328, 5.8541247760548307, 5.7620047400979431, 5.6873491287231444, 5.5948152766508219, 5.5260582269406786], "batch": [31, 31, 31, 31, 31, 31, 31, 31, 31, 31, 31, 31, 31, 31, 31, 31, 31, 31, 31, 31], "val_acc": [0.013725490196078431, 0.013725490196078431, 0.033333333333333333, 0.041176470588235294, 0.076470588235294124, 0.088235294117647065, 0.10196078431372549, 0.10392156862745099, 0.094117647058823528, 0.12745098039215685, 0.13137254901960785, 0.14509803921568629, 0.13921568627450981, 0.14705882352941177, 0.15294117647058825, 0.1588235294117647, 0.15294117647058825, 0.16078431372549021, 0.15490196078431373, 0.17450980392156862], "val_loss": [4.6769996493470432, 4.6069774870779003, 4.4166856522653619, 4.2277886820774455, 4.1604471543255972, 4.0911403272666185, 4.0355206311917771, 3.9689385301926556, 3.9433159108255422, 3.8967615866193586, 3.8917865566178862, 3.8683956922269336, 3.8344835823657464, 3.8178000562331258, 3.7992731225256828, 3.8111145056930242, 3.7958607589497286, 3.8010028680165608, 3.7578505759145697, 3.8206700147366992], "size": [31, 31, 31, 31, 31, 31, 31, 31, 31, 31, 31, 31, 31, 31, 31, 31, 31, 31, 31, 31]}