{"acc": [0.0083333333333333332], "loss": [6.7502755426893044], "batch": [15], "val_acc": [0.0078431372549019607], "val_loss": [4.61719825034048], "size": [63]}