{"acc": [0.01045751633986928, 0.022657952069716776, 0.031372549019607843, 0.058823529411764705, 0.086274509803921567, 0.11677559912854031, 0.13856209150326798, 0.17167755991285402, 0.19694989106753813, 0.21220043572984748, 0.25272331154684097, 0.26013071895424839, 0.28932461873638343, 0.30849673202614381, 0.32854030501089326, 0.34814814814814815, 0.37429193899782137, 0.39956427015250545, 0.42962962962962964, 0.45664488017429194], "loss": [6.2088270629932678, 5.6342299035431775, 5.5512951906989603, 5.4068018487336067, 5.2571046681705385, 5.0765141626328942, 4.9023508200718169, 4.6999396639971431, 4.5760252958808847, 4.439836784853135, 4.2852250616534864, 4.1504792852339403, 4.0227062907873412, 3.8821533920977891, 3.7698689747480008, 3.6285913201458833, 3.5329374933554458, 3.3701971139263742, 3.2589994752588876, 3.1315269028698958], "batch": [35, 35, 35, 35, 35, 35, 35, 35, 35, 35, 35, 35, 35, 35, 35, 35, 35, 35, 35, 35], "val_acc": [0.015686274509803921, 0.031372549019607843, 0.043137254901960784, 0.086274509803921567, 0.13725490196078433, 0.16078431372549021, 0.19607843137254902, 0.21568627450980393, 0.24705882352941178, 0.2627450980392157, 0.27450980392156865, 0.26666666666666666, 0.28235294117647058, 0.27843137254901962, 0.28627450980392155, 0.29411764705882354, 0.30588235294117649, 0.29803921568627451, 0.31372549019607843, 0.30196078431372547], "val_loss": [4.6105562808466889, 4.5802060837839162, 4.5193088531494139, 4.3950580185534909, 4.2502752210579668, 4.154970256955016, 4.0168116317075846, 3.8680505331824806, 3.785353738186406, 3.7324367121154185, 3.5781688577988566, 3.5141119882172229, 3.3731984849069634, 3.3745182149550494, 3.309117738873351, 3.2704738037258969, 3.2215943065344117, 3.1855185116038602, 3.1319408949683694, 3.1014552873723646], "size": [31, 31, 31, 31, 31, 31, 31, 31, 31, 31, 31, 31, 31, 31, 31, 31, 31, 31, 31, 31]}