{"acc": [0.10915, 0.113, 0.11306666666666666, 0.11265, 0.11538333333333334, 0.11348333333333334, 0.11285000000000001, 0.11615, 0.11491666666666667, 0.11783333333333333, 0.12164999999999999, 0.12556666666666666, 0.13323333333333334, 0.13871666666666665, 0.14344999999999999, 0.15016666666666667, 0.19018333333333334, 0.17316666666666666, 0.20201666666666668, 0.23301666666666668, 0.22998333333333335, 0.25995000000000001, 0.27426666666666666, 0.32591666666666669, 0.33360000000000001, 0.35838333333333333, 0.39240000000000003, 0.41066666666666668, 0.40938333333333332, 0.45636666666666664, 0.47253333333333336, 0.48231666666666667, 0.5057166666666667, 0.50849999999999995, 0.5369666666666667, 0.54046666666666665, 0.55988333333333329, 0.55858333333333332, 0.56535000000000002, 0.5859833333333333, 0.59081666666666666, 0.59493333333333331, 0.59794999999999998, 0.60729999999999995, 0.60450000000000004, 0.61641666666666661, 0.60829999999999995, 0.62188333333333334, 0.62291666666666667, 0.62576666666666669, 0.62436666666666663, 0.62350000000000005, 0.63213333333333332, 0.63139999999999996, 0.63339999999999996, 0.63506666666666667, 0.63861666666666672, 0.6398166666666667, 0.64498333333333335, 0.64419999999999999, 0.64756666666666662, 0.65151666666666663, 0.65513333333333335, 0.65743333333333331, 0.65971666666666662, 0.66408333333333336, 0.66791666666666671, 0.67231666666666667, 0.67451666666666665, 0.67800000000000005, 0.68218333333333336, 0.68748333333333334, 0.68963333333333332, 0.69291666666666663, 0.69776666666666665, 0.70058333333333334, 0.7049333333333333, 0.70868333333333333, 0.71173333333333333, 0.71599999999999997], "loss": [2.3290391702651978, 2.2973552646636963, 2.2954111318588257, 2.2934439506530762, 2.29150373005867, 2.2894837920665743, 2.2874715414047242, 2.2853657958507538, 2.2832259001731874, 2.2810522830486297, 2.2787547278404237, 2.2764719927310946, 2.274075395345688, 2.2715372784137724, 2.2689455835819246, 2.2662054626941681, 2.2633583512306212, 2.2603968257904055, 2.2572823493480683, 2.2539466261863708, 2.2504670243263245, 2.2468304104804995, 2.2428928482532502, 2.2388305242061617, 2.2344341495037079, 2.2298223237991333, 2.2248672645092009, 2.219578229665756, 2.2139135057926178, 2.2078833792209624, 2.2013985254764559, 2.1944380011558531, 2.1869698417186738, 2.1789613471031188, 2.1703267014026641, 2.1610228011608124, 2.1509289410114287, 2.1400739278793335, 2.1282989878654481, 2.1156174640655516, 2.1018105254173278, 2.0869868376255036, 2.0709023203849792, 2.0534984371662142, 2.0347514446973802, 2.0144815510511398, 1.9926404061317444, 1.969230652809143, 1.9441896069049835, 1.9174139429330825, 1.8889671894311906, 1.8589046920537948, 1.8272718751430512, 1.7941852548122406, 1.7598533627986908, 1.7243622502088547, 1.6880005300045013, 1.6509145208597182, 1.6134238642454148, 1.5757581120729447, 1.5381377056837082, 1.5007593256235123, 1.4639468693733215, 1.427795242190361, 1.3924866075515747, 1.3582477720975876, 1.325105904698372, 1.2932202128171921, 1.2627190564870834, 1.233482518196106, 1.2056410288810731, 1.1791230653524398, 1.1540036918520928, 1.1301691063046455, 1.1075510015487671, 1.0861222307682037, 1.0658180112838744, 1.0465730867981911, 1.028289041042328, 1.0109534421563149], "batch": [499, 499, 499, 499, 499, 499, 499, 499, 499, 499, 499, 499, 499, 499, 499, 499, 499, 499, 499, 499, 499, 499, 499, 499, 499, 499, 499, 499, 499, 499, 499, 499, 499, 499, 499, 499, 499, 499, 499, 499, 499, 499, 499, 499, 499, 499, 499, 499, 499, 499, 499, 499, 499, 499, 499, 499, 499, 499, 499, 499, 499, 499, 499, 499, 499, 499, 499, 499, 499, 499, 499, 499, 499, 499, 499, 499, 499, 499, 499, 499], "val_acc": [0.114, 0.11360000000000001, 0.1135, 0.1135, 0.11360000000000001, 0.1135, 0.1143, 0.114, 0.11609999999999999, 0.11749999999999999, 0.1216, 0.12740000000000001, 0.1195, 0.1356, 0.1346, 0.1681, 0.12870000000000001, 0.18820000000000001, 0.20169999999999999, 0.18479999999999999, 0.25609999999999999, 0.30049999999999999, 0.38679999999999998, 0.3594, 0.39950000000000002, 0.42780000000000001, 0.41360000000000002, 0.41570000000000001, 0.48499999999999999, 0.48230000000000001, 0.47649999999999998, 0.50849999999999995, 0.51100000000000001, 0.54359999999999997, 0.53080000000000005, 0.55189999999999995, 0.55200000000000005, 0.57709999999999995, 0.60529999999999995, 0.59740000000000004, 0.59150000000000003, 0.59299999999999997, 0.60760000000000003, 0.60429999999999995, 0.62190000000000001, 0.61539999999999995, 0.6391, 0.62580000000000002, 0.62470000000000003, 0.62250000000000005, 0.62749999999999995, 0.63970000000000005, 0.63239999999999996, 0.63539999999999996, 0.63770000000000004, 0.64080000000000004, 0.64119999999999999, 0.64380000000000004, 0.64239999999999997, 0.6522, 0.65569999999999995, 0.65920000000000001, 0.65869999999999995, 0.66190000000000004, 0.66720000000000002, 0.67130000000000001, 0.67310000000000003, 0.67359999999999998, 0.68020000000000003, 0.68459999999999999, 0.68959999999999999, 0.69030000000000002, 0.69520000000000004, 0.70079999999999998, 0.70440000000000003, 0.70709999999999995, 0.71009999999999995, 0.71309999999999996, 0.71730000000000005, 0.72150000000000003], "val_loss": [2.2980693745613099, 2.2958931508064269, 2.2939912066459658, 2.2918275599479676, 2.2898192691802977, 2.2877369565963743, 2.2858052062988281, 2.2835785841941831, 2.2815385484695434, 2.2791604471206663, 2.2767779846191405, 2.2743577699661257, 2.2717942175865171, 2.2691794934272767, 2.2664902734756471, 2.26364870262146, 2.260672483444214, 2.2576910624504087, 2.2543142333030701, 2.2508860301971434, 2.2472517328262329, 2.2434104857444761, 2.2395399441719057, 2.2350484833717346, 2.2304518575668335, 2.2256453108787535, 2.2203860435485838, 2.2146341676712038, 2.2089560294151305, 2.2024180645942688, 2.1956785345077514, 2.1882705273628233, 2.1805353550910951, 2.1718883700370788, 2.1627506103515626, 2.1528519597053526, 2.142271605014801, 2.1308179512023924, 2.1184879360198976, 2.105025679588318, 2.0905822720527647, 2.0747462792396547, 2.0577827293872835, 2.0393215708732604, 2.0195149455070496, 1.9981903474330902, 1.9751312277317048, 1.9504836447238922, 1.9242417600154877, 1.8963803105354309, 1.8668461172580719, 1.8353830313682555, 1.802665290594101, 1.7686484997272491, 1.7333498919010162, 1.6969991812705993, 1.6598910350799561, 1.6222543528079987, 1.5843663506507875, 1.5462825129032134, 1.5084084637165069, 1.4711213228702544, 1.4343510200977325, 1.3984290845394134, 1.363390994310379, 1.3295379071235656, 1.2969738512039184, 1.2657810230255127, 1.2356147062778473, 1.2067820991277696, 1.1795182855129243, 1.1538125455379487, 1.1292130813598633, 1.105874561548233, 1.0838946386575699, 1.0630003701448441, 1.0431742515563964, 1.0244937521219253, 1.0065708928108215, 0.98965361547470088], "size": [60, 60, 60, 60, 60, 60, 60, 60, 60, 60, 60, 60, 60, 60, 60, 60, 60, 60, 60, 60, 60, 60, 60, 60, 60, 60, 60, 60, 60, 60, 60, 60, 60, 60, 60, 60, 60, 60, 60, 60, 60, 60, 60, 60, 60, 60, 60, 60, 60, 60, 60, 60, 60, 60, 60, 60, 60, 60, 60, 60, 60, 60, 60, 60, 60, 60, 60, 60, 60, 60, 60, 60, 60, 60, 60, 60, 60, 60, 60, 60]}