{"acc": [[0.0, 0.0, 0.0, 1.0, 0.03125, 0.0, 0.0, 1.0, 0.0, 0.0, 1.0, 0.53125, 1.0, 0.09375, 0.78125, 0.13333333333333333]], "loss": [[10.21790885925293, 6.107064723968506, 2.936861038208008, 11.532613754272461, 8.440431594848633, 6.203171730041504, 3.81510591506958, 5.532336711883545, 3.428410530090332, 2.8307342529296875, 2.6559886932373047, 2.7187983989715576, 2.67767071723938, 2.5883123874664307, 2.6483709812164307, 2.5099382400512695]], "batch": [[0, 1, 2, 3, 4, 5, 6, 7, 8, 9, 10, 11, 12, 13, 14, 15]], "val_acc": [[0.78125, 0.53125, 0.71875, 0.625, 0.65625, 0.5625, 0.6875, 0.8125, 0.6875, 0.8333333333333334]], "val_batch_size": [[32, 32, 32, 32, 32, 32, 32, 32, 32, 18]], "val_loss": [[1.951144814491272, 1.7186837196350098, 1.6919043064117432, 2.1286637783050537, 1.7466861009597778, 2.194655656814575, 2.0524322986602783, 1.4347906112670898, 2.1156582832336426, 1.4922643899917603]], "size": [[32, 32, 32, 32, 32, 32, 32, 32, 32, 32, 32, 32, 32, 32, 32, 30]]}