{"acc": [0.011764705882352941, 0.029901960784313727, 0.081862745098039216, 0.1426470588235294, 0.20588235294117646, 0.25588235294117645, 0.3235294117647059, 0.37990196078431371, 0.44411764705882351, 0.49117647058823527, 0.56323529411764706, 0.63137254901960782, 0.6705882352941176, 0.74313725490196081, 0.77450980392156865, 0.80294117647058827, 0.84999999999999998, 0.86568627450980395, 0.90588235294117647, 0.92598039215686279], "loss": [9.688574570300533, 9.5569016138712559, 9.2727871165556071, 8.8612110885919311, 8.4466373967189412, 8.0605000439812162, 7.6843047441220751, 7.3470404830633429, 7.0324782109728048, 6.7092765303219064, 6.4245359869564282, 6.1383587126638375, 5.9025469050687907, 5.6767378451777439, 5.5202163752387552, 5.3721699172375246, 5.2368971899443979, 5.1550565308215575, 4.9904296538409065, 4.9630718025506715], "batch": [31, 31, 31, 31, 31, 31, 31, 31, 31, 31, 31, 31, 31, 31, 31, 31, 31, 31, 31, 31], "val_acc": [0.023529411764705882, 0.050980392156862744, 0.12156862745098039, 0.14901960784313725, 0.22352941176470589, 0.20588235294117646, 0.22156862745098038, 0.21764705882352942, 0.28627450980392155, 0.30196078431372547, 0.31960784313725488, 0.30392156862745096, 0.29999999999999999, 0.3411764705882353, 0.31764705882352939, 0.32941176470588235, 0.3235294117647059, 0.33137254901960783, 0.32941176470588235, 0.32549019607843138], "val_loss": [4.6127315390343764, 4.5094029333077223, 4.1634987401027308, 3.9557369914709355, 3.6043168198828606, 3.6582188587562712, 3.33753976354412, 3.6043172303368065, 3.0665186835270304, 3.1977071537691004, 3.0149332093257528, 3.0285524826423793, 3.1942573837205477, 3.2409786215015486, 3.2853318803450642, 3.2990684210085401, 3.3276982522478291, 3.4160060162637746, 3.338600550445856, 3.3241812677944407], "size": [31, 31, 31, 31, 31, 31, 31, 31, 31, 31, 31, 31, 31, 31, 31, 31, 31, 31, 31, 31]}