{"acc": [0.13528333333333334, 0.20086666666666667, 0.33538333333333331, 0.49059999999999998, 0.58578333333333332, 0.62561666666666671, 0.66088333333333338, 0.69666666666666666, 0.73448333333333338, 0.76575000000000004, 0.78854999999999997, 0.80813333333333337, 0.82206666666666661, 0.8337, 0.84275, 0.85098333333333331, 0.85763333333333336, 0.86333333333333329, 0.8672333333333333, 0.87139999999999995, 0.87519999999999998, 0.87795000000000001, 0.8807666666666667, 0.88339999999999996, 0.88586666666666669, 0.88848333333333329, 0.89080000000000004, 0.89234999999999998, 0.89516666666666667, 0.89651666666666663, 0.89803333333333335, 0.89978333333333338, 0.90203333333333335, 0.90323333333333333, 0.90515000000000001, 0.9065833333333333, 0.90833333333333333, 0.90973333333333328, 0.9110166666666667, 0.91218333333333335, 0.91344999999999998, 0.91518333333333335, 0.91641666666666666, 0.91728333333333334, 0.91849999999999998, 0.91986666666666672, 0.92084999999999995, 0.92203333333333337, 0.92330000000000001, 0.92426666666666668, 0.92503333333333337, 0.92621666666666669, 0.9271166666666667, 0.9277333333333333, 0.92910000000000004, 0.9297333333333333, 0.93056666666666665, 0.93145, 0.93215000000000003, 0.93298333333333339, 0.93398333333333339, 0.93466666666666665, 0.93591666666666662, 0.93666666666666665, 0.93726666666666669, 0.93831666666666669, 0.93903333333333339, 0.93968333333333331, 0.94033333333333335, 0.9408333333333333, 0.94174999999999998, 0.94284999999999997, 0.94311666666666671, 0.94364999999999999, 0.94441666666666668, 0.94473333333333331, 0.94589999999999996, 0.94638333333333335, 0.94699999999999995, 0.94740000000000002], "loss": [2.2947399048805237, 2.2683525681495667, 2.2324344363212587, 2.1639787392616272, 2.0201322764158247, 1.7399457523822783, 1.3810158276557922, 1.1025373619198799, 0.93237036722898481, 0.82186050635576247, 0.74148433470726016, 0.6796190468370914, 0.63048539656400682, 0.59094613531231877, 0.5584393546283245, 0.53154664406180385, 0.50877794528007503, 0.48935432457923889, 0.47250189223885536, 0.45741468645632266, 0.44421537485718726, 0.43225856277346614, 0.4213783223479986, 0.41133708363771437, 0.40204307997226713, 0.39337481057643892, 0.38532995942234993, 0.3776278335005045, 0.3703861076235771, 0.36346991156786679, 0.35698110744357109, 0.35060261948406696, 0.34467749774456025, 0.33883911358565094, 0.33317985571920872, 0.32779769994318486, 0.32262567871809006, 0.31746471530944109, 0.31253198661655185, 0.30786930596083401, 0.30314382044225929, 0.29868402070552108, 0.29442038609832527, 0.29004746366292239, 0.28595584721118211, 0.28189093117415903, 0.27787557167559862, 0.27391808412224056, 0.2702965633906424, 0.26659146625548602, 0.26290827282518148, 0.25933562820404765, 0.25591944096237423, 0.25242597858607768, 0.24908198203891516, 0.24578266578540206, 0.24261842160671948, 0.23927398220449686, 0.23633698643743992, 0.23320871261507273, 0.23014524990692733, 0.22723941358551383, 0.22426585571095348, 0.22152071227505804, 0.21865743608400226, 0.21590080064907671, 0.21329057483375072, 0.21057126028835774, 0.20808440934121608, 0.20555595290102063, 0.20303265941888093, 0.2005104717090726, 0.19818209685012697, 0.19590257309004663, 0.19359620520286261, 0.19132725961506367, 0.1890792510919273, 0.18693720667809249, 0.18480785327777266, 0.18273134342581035], "batch": [499, 499, 499, 499, 499, 499, 499, 499, 499, 499, 499, 499, 499, 499, 499, 499, 499, 499, 499, 499, 499, 499, 499, 499, 499, 499, 499, 499, 499, 499, 499, 499, 499, 499, 499, 499, 499, 499, 499, 499, 499, 499, 499, 499, 499, 499, 499, 499, 499, 499, 499, 499, 499, 499, 499, 499, 499, 499, 499, 499, 499, 499, 499, 499, 499, 499, 499, 499, 499, 499, 499, 499, 499, 499, 499, 499, 499, 499, 499, 499], "val_acc": [0.1444, 0.49390000000000001, 0.46829999999999999, 0.55859999999999999, 0.58679999999999999, 0.66869999999999996, 0.68200000000000005, 0.7147, 0.75339999999999996, 0.7863, 0.80489999999999995, 0.81669999999999998, 0.8327, 0.84379999999999999, 0.85070000000000001, 0.85909999999999997, 0.86450000000000005, 0.86899999999999999, 0.87160000000000004, 0.87560000000000004, 0.87909999999999999, 0.88070000000000004, 0.88439999999999996, 0.8861, 0.88859999999999995, 0.89129999999999998, 0.89280000000000004, 0.89510000000000001, 0.89670000000000005, 0.89929999999999999, 0.90039999999999998, 0.90129999999999999, 0.90300000000000002, 0.90610000000000002, 0.90590000000000004, 0.90849999999999997, 0.90900000000000003, 0.91080000000000005, 0.91200000000000003, 0.91339999999999999, 0.91549999999999998, 0.91539999999999999, 0.91639999999999999, 0.91710000000000003, 0.91739999999999999, 0.92020000000000002, 0.9214, 0.92200000000000004, 0.92359999999999998, 0.92390000000000005, 0.92569999999999997, 0.92700000000000005, 0.92789999999999995, 0.92869999999999997, 0.92969999999999997, 0.93059999999999998, 0.93120000000000003, 0.9325, 0.93320000000000003, 0.93410000000000004, 0.93469999999999998, 0.93559999999999999, 0.93479999999999996, 0.93710000000000004, 0.9375, 0.93799999999999994, 0.9385, 0.93979999999999997, 0.93969999999999998, 0.94079999999999997, 0.94169999999999998, 0.94179999999999997, 0.9425, 0.94369999999999998, 0.94379999999999997, 0.94430000000000003, 0.94540000000000002, 0.94530000000000003, 0.94640000000000002, 0.94640000000000002], "val_loss": [2.2801111044883728, 2.2518085932731626, 2.2028735623359679, 2.1065189929008485, 1.8975837087631227, 1.5467864270210265, 1.2073525639772416, 0.99117362916469576, 0.85760011577606199, 0.76316284364461895, 0.69303759151697164, 0.63768941998481754, 0.59297177428007131, 0.55588935971260067, 0.52671394348144529, 0.50250390106439591, 0.48111548039317131, 0.46378142952919005, 0.44848350441455842, 0.43417378853261474, 0.42259773777425291, 0.41267009125649928, 0.4016595257371664, 0.39248817899823191, 0.38412699623405933, 0.37667217069864273, 0.36931618197262289, 0.36207849121093749, 0.35560478362441061, 0.34887854804098606, 0.34336797468364239, 0.33870782574266195, 0.33204518260806798, 0.32656919765472414, 0.32220687294006345, 0.31718504998832941, 0.31161391258239746, 0.30840338899940251, 0.30349127262085679, 0.29887191483378411, 0.29471124128252268, 0.29004513852298258, 0.28629463944584133, 0.28226087071001532, 0.27915828611701726, 0.27490675657615066, 0.27226755904033778, 0.26850463134795427, 0.26393689602240922, 0.26044019558280707, 0.25788926904276016, 0.25416042038053271, 0.25068527385964989, 0.24770658107846974, 0.24503887080028652, 0.24194740359112621, 0.23848930349200964, 0.23645415540039538, 0.23259086015820504, 0.2301241008453071, 0.22723731684684753, 0.22475508160889149, 0.22340810969658195, 0.21983649036474526, 0.21720555009134113, 0.21525423550419509, 0.21216703137941659, 0.2096802392732352, 0.20746528293006122, 0.20486668713763356, 0.20260210041143001, 0.20147079754993319, 0.19895394017733634, 0.19619508817233144, 0.1942111373245716, 0.19211520817875863, 0.19002622899413107, 0.18837594186142087, 0.18610396993719042, 0.18456704367324711], "size": [60, 60, 60, 60, 60, 60, 60, 60, 60, 60, 60, 60, 60, 60, 60, 60, 60, 60, 60, 60, 60, 60, 60, 60, 60, 60, 60, 60, 60, 60, 60, 60, 60, 60, 60, 60, 60, 60, 60, 60, 60, 60, 60, 60, 60, 60, 60, 60, 60, 60, 60, 60, 60, 60, 60, 60, 60, 60, 60, 60, 60, 60, 60, 60, 60, 60, 60, 60, 60, 60, 60, 60, 60, 60, 60, 60, 60, 60, 60, 60]}