{"acc": [0.83020000000000005, 0.91825000000000001, 0.94008333333333338, 0.95148333333333335, 0.95925000000000005, 0.96325000000000005, 0.96668333333333334, 0.96945000000000003, 0.97123333333333328, 0.9735166666666667, 0.97443333333333337, 0.97578333333333334, 0.97789999999999999, 0.97841666666666671, 0.97941666666666671, 0.97975000000000001, 0.98089999999999999, 0.98101666666666665, 0.98146666666666671, 0.98236666666666672, 0.98266666666666669, 0.98304999999999998, 0.98353333333333337, 0.98419999999999996, 0.9841333333333333, 0.98488333333333333, 0.98499999999999999, 0.98540000000000005, 0.98541666666666672, 0.98640000000000005, 0.98604999999999998, 0.98626666666666662, 0.98671666666666669, 0.98703333333333332, 0.98721666666666663, 0.98714999999999997, 0.98755000000000004, 0.98788333333333334, 0.98816666666666664, 0.98813333333333331, 0.98839999999999995, 0.98868333333333336, 0.9886166666666667, 0.98893333333333333, 0.98906666666666665, 0.98901666666666666, 0.98929999999999996, 0.98955000000000004, 0.98951666666666671, 0.98955000000000004], "loss": [0.75683722668886189, 0.34828146554529665, 0.25218551175296305, 0.20152902644872667, 0.17024901527538897, 0.14930111989751457, 0.13375541875697672, 0.12235230286419392, 0.11281238525360823, 0.10530943493172526, 0.098659954441711301, 0.093332196794450289, 0.088683780634775763, 0.084565746264532213, 0.080861999033018953, 0.078493528555147352, 0.075406465687789026, 0.072810403823852538, 0.070808636575005954, 0.068542374375276272, 0.066823804909363391, 0.064909959011711177, 0.063237660553772002, 0.061200168238021435, 0.060115674044005571, 0.058784017105121163, 0.057381707844790068, 0.056117534668184817, 0.055154386646114287, 0.053931685797404497, 0.052995141269173471, 0.052070352755952627, 0.050902982686646281, 0.050163869290612638, 0.049257923650089651, 0.048426815286278728, 0.047621992412023244, 0.047048186631873247, 0.04641821861313656, 0.045670872267335655, 0.044881980770733208, 0.044155773689504713, 0.043725879749748855, 0.043158391812816263, 0.042202307975850999, 0.04171348757855594, 0.041375949590466914, 0.040610617616446687, 0.040107670220313592, 0.039583096209913494], "batch": [499, 499, 499, 499, 499, 499, 499, 499, 499, 499, 499, 499, 499, 499, 499, 499, 499, 499, 499, 499, 499, 499, 499, 499, 499, 499, 499, 499, 499, 499, 499, 499, 499, 499, 499, 499, 499, 499, 499, 499, 499, 499, 499, 499, 499, 499, 499, 499, 499, 499], "val_acc": [0.9133, 0.9395, 0.95079999999999998, 0.95850000000000002, 0.96330000000000005, 0.96750000000000003, 0.97030000000000005, 0.97250000000000003, 0.97350000000000003, 0.97540000000000004, 0.9768, 0.9768, 0.97809999999999997, 0.97789999999999999, 0.97799999999999998, 0.97999999999999998, 0.97889999999999999, 0.97970000000000002, 0.98080000000000001, 0.98129999999999995, 0.98160000000000003, 0.98070000000000002, 0.98060000000000003, 0.98219999999999996, 0.98150000000000004, 0.98340000000000005, 0.98270000000000002, 0.98270000000000002, 0.98340000000000005, 0.98340000000000005, 0.9829, 0.9839, 0.98429999999999995, 0.98450000000000004, 0.98370000000000002, 0.98450000000000004, 0.9849, 0.98540000000000005, 0.98399999999999999, 0.98580000000000001, 0.98419999999999996, 0.9849, 0.98499999999999999, 0.9859, 0.98670000000000002, 0.9859, 0.98580000000000001, 0.9869, 0.98640000000000005, 0.9859], "val_loss": [0.40517852005362509, 0.26558760895580052, 0.20332507192716001, 0.16926121273264289, 0.14311341639980674, 0.12967167702876031, 0.11387809600681066, 0.10498510807193816, 0.096821659948676822, 0.093870690247043961, 0.086444016171619301, 0.082706910421140492, 0.079025526298210025, 0.076774649308063089, 0.072499896939378236, 0.070270719555206598, 0.069695871797390285, 0.066778128955047575, 0.064452391153201463, 0.063037222657818345, 0.061845613774377854, 0.061451875132042914, 0.063120334236184142, 0.058080288716359063, 0.057890739896567539, 0.055347970229806379, 0.05472617664979771, 0.054681353624444456, 0.05381152206263505, 0.053332692088326437, 0.052937871925532815, 0.050590921077411623, 0.05033526070276275, 0.050773817835026422, 0.050518398836720733, 0.049530696214875207, 0.050250904563115907, 0.046702815074706451, 0.049048949033720417, 0.045851291574537753, 0.048383404188440178, 0.047044448676984756, 0.047865746211959048, 0.044795441683847456, 0.043903807449387384, 0.044290325453854168, 0.044002660504891537, 0.043987987376283857, 0.043295315384049897, 0.044206911516026591], "size": [60, 60, 60, 60, 60, 60, 60, 60, 60, 60, 60, 60, 60, 60, 60, 60, 60, 60, 60, 60, 60, 60, 60, 60, 60, 60, 60, 60, 60, 60, 60, 60, 60, 60, 60, 60, 60, 60, 60, 60, 60, 60, 60, 60, 60, 60, 60, 60, 60, 60]}