{"acc": [0.93158333333333332, 0.97284999999999999, 0.97860000000000003, 0.98180000000000001, 0.98471666666666668, 0.98616666666666664, 0.98721666666666663, 0.98826666666666663, 0.98903333333333332, 0.9899, 0.99060000000000004, 0.99139999999999995, 0.99180000000000001, 0.99234999999999995, 0.9929, 0.99299999999999999, 0.99345000000000006, 0.99404999999999999, 0.99406666666666665, 0.99460000000000004, 0.99498333333333333, 0.99516666666666664, 0.99529999999999996, 0.99585000000000001, 0.99585000000000001, 0.99606666666666666, 0.99655000000000005, 0.99683333333333335, 0.99696666666666667, 0.99693333333333334, 0.99751666666666672, 0.99751666666666672, 0.99758333333333338, 0.99780000000000002, 0.99798333333333333, 0.998, 0.99819999999999998, 0.99814999999999998, 0.99843333333333328, 0.99848333333333328, 0.99863333333333337, 0.99876666666666669, 0.99878333333333336, 0.99888333333333335, 0.99908333333333332, 0.99896666666666667, 0.99904999999999999, 0.99918333333333331, 0.99923333333333331, 0.9993333333333333], "loss": [0.24175494649447501, 0.096967711139470336, 0.074303585531190042, 0.062571898199617865, 0.054479535126127306, 0.049100324188824741, 0.045108915012329817, 0.041595923972316089, 0.038820555127342234, 0.036255437128711494, 0.033894515585503542, 0.031911745349352712, 0.030151246237917803, 0.028565044143353587, 0.027059327988768929, 0.025975537932827138, 0.024684233038336969, 0.023287311297259295, 0.022595796681009233, 0.021417580430279484, 0.02072945741872536, 0.019660882529569788, 0.018849161157966591, 0.017798921811394395, 0.017408789886336307, 0.016581818749720697, 0.015853606914170086, 0.015118977565056412, 0.014684408922039437, 0.014201237169327214, 0.013607496553042438, 0.012910647345037432, 0.012632782762520946, 0.012035783574683592, 0.0115403595630778, 0.011143844872771296, 0.010835631320631364, 0.010568764392548474, 0.010036958609503927, 0.0098228703917993699, 0.0093314011959155316, 0.0090603988686925735, 0.0088293344075791539, 0.0085684383400221123, 0.0082231605728738943, 0.0080859771186078434, 0.007774140837122104, 0.0075026547700108494, 0.0072481714723980984, 0.0069630192937038373], "batch": [499, 499, 499, 499, 499, 499, 499, 499, 499, 499, 499, 499, 499, 499, 499, 499, 499, 499, 499, 499, 499, 499, 499, 499, 499, 499, 499, 499, 499, 499, 499, 499, 499, 499, 499, 499, 499, 499, 499, 499, 499, 499, 499, 499, 499, 499, 499, 499, 499, 499], "val_acc": [0.96850000000000003, 0.97629999999999995, 0.97999999999999998, 0.98050000000000004, 0.98260000000000003, 0.98470000000000002, 0.98380000000000001, 0.9839, 0.98499999999999999, 0.98540000000000005, 0.98519999999999996, 0.98570000000000002, 0.98460000000000003, 0.98599999999999999, 0.98719999999999997, 0.98619999999999997, 0.98670000000000002, 0.98660000000000003, 0.98599999999999999, 0.98670000000000002, 0.98699999999999999, 0.98750000000000004, 0.98599999999999999, 0.98660000000000003, 0.98650000000000004, 0.98650000000000004, 0.98729999999999996, 0.98699999999999999, 0.98740000000000006, 0.98770000000000002, 0.98799999999999999, 0.98760000000000003, 0.98709999999999998, 0.98799999999999999, 0.9879, 0.98719999999999997, 0.98770000000000002, 0.98760000000000003, 0.98750000000000004, 0.98829999999999996, 0.9879, 0.9879, 0.98740000000000006, 0.98829999999999996, 0.98770000000000002, 0.98829999999999996, 0.98870000000000002, 0.9879, 0.98839999999999995, 0.98760000000000003], "val_loss": [0.11027937669679523, 0.079835991643136373, 0.065943742977455255, 0.063555852473713453, 0.054999074927298351, 0.051257179515319877, 0.050221017690841106, 0.048104031726194083, 0.045499205725616776, 0.044290533403807786, 0.043005641669093167, 0.044508679274731545, 0.045198910299746785, 0.044329522401007126, 0.040655017122771822, 0.040800378292798999, 0.041896287131210554, 0.040009833846474066, 0.040228354522114387, 0.039943664032267408, 0.039348344671598173, 0.038016893927939235, 0.041470556059590311, 0.039774261313839814, 0.039098128221463413, 0.039171852603860316, 0.037885811183659829, 0.039275332902412627, 0.037807813166378768, 0.037713082071204551, 0.036971648648177508, 0.036966730224841739, 0.038336295595727279, 0.037859082713490352, 0.037196686967508864, 0.037836069159151518, 0.036978055878877057, 0.036352768076103527, 0.037638356823874349, 0.036659519579450718, 0.037388525623246099, 0.036706012791575635, 0.038073446024667647, 0.036507299043107198, 0.036463494951625763, 0.037277705928892832, 0.036830593283630149, 0.036793978890884316, 0.036978656961175145, 0.036990406794633598], "size": [60, 60, 60, 60, 60, 60, 60, 60, 60, 60, 60, 60, 60, 60, 60, 60, 60, 60, 60, 60, 60, 60, 60, 60, 60, 60, 60, 60, 60, 60, 60, 60, 60, 60, 60, 60, 60, 60, 60, 60, 60, 60, 60, 60, 60, 60, 60, 60, 60, 60]}