{"acc": [0.27233115468409586, 0.29106753812636166, 0.32592592592592595, 0.36514161220043573, 0.36514161220043573, 0.38954248366013072, 0.40217864923747276, 0.43965141612200437, 0.44095860566448802, 0.46100217864923748, 0.46971677559912856, 0.50152505446623097, 0.51416122004357301, 0.53115468409586053, 0.55555555555555558, 0.57080610021786493, 0.58300653594771246, 0.59084967320261439, 0.6074074074074074, 0.61830065359477127, 0.62222222222222223, 0.65403050108932459, 0.63398692810457513, 0.65141612200435728, 0.68409586056644878, 0.68409586056644878, 0.71372549019607845, 0.72113289760348587, 0.7080610021786492, 0.75904139433551199, 0.74117647058823533, 0.72592592592592597, 0.74814814814814812, 0.76732026143790855, 0.78126361655773424, 0.77385620915032682, 0.78823529411764703, 0.80000000000000004, 0.7991285403050109, 0.80740740740740746, 0.81263616557734208, 0.81263616557734208, 0.83442265795206971, 0.82047930283224402, 0.83224400871459692, 0.83093681917211326, 0.83921568627450982, 0.85141612200435735, 0.84662309368191724, 0.85228758169934637], "loss": [4.3361336250970046, 4.0268526226866479, 3.8687676838020875, 3.6302327413704401, 3.5711517734984688, 3.421097475251341, 3.3236449751718893, 3.1743309170592067, 3.1101130513583914, 3.0625364349298749, 2.931433950478215, 2.8743643525898586, 2.791930540143015, 2.6987563320234709, 2.5940374955112899, 2.6000204246288292, 2.5325257143423707, 2.4280215854478557, 2.3788351683315367, 2.3712782906550989, 2.3449529750674381, 2.2295623225584009, 2.2768450983209547, 2.1879791824905959, 2.1022870949410666, 2.1196798441456814, 2.0400992187799192, 1.9904252874046109, 1.9858428484474133, 1.890173131240479, 1.9049340324983617, 1.9199665008287283, 1.846303630965987, 1.8406896181875325, 1.7763436224985227, 1.7783192120346369, 1.7594376228473805, 1.7191173809026581, 1.712007562631096, 1.6642677033389057, 1.6401600117257478, 1.6476962625071374, 1.5893007764109859, 1.6052331489675185, 1.582293798097598, 1.5736537403530544, 1.5665000694249969, 1.5280537708652304, 1.5296763035726444, 1.5060162605023852], "batch": [35, 35, 35, 35, 35, 35, 35, 35, 35, 35, 35, 35, 35, 35, 35, 35, 35, 35, 35, 35, 35, 35, 35, 35, 35, 35, 35, 35, 35, 35, 35, 35, 35, 35, 35, 35, 35, 35, 35, 35, 35, 35, 35, 35, 35, 35, 35, 35, 35, 35], "val_acc": [0.4823529411764706, 0.50980392156862742, 0.51764705882352946, 0.50980392156862742, 0.50196078431372548, 0.47058823529411764, 0.47843137254901963, 0.49411764705882355, 0.47450980392156861, 0.48627450980392156, 0.48627450980392156, 0.46666666666666667, 0.45490196078431372, 0.46274509803921571, 0.45098039215686275, 0.4392156862745098, 0.45490196078431372, 0.45490196078431372, 0.44313725490196076, 0.43529411764705883, 0.43137254901960786, 0.41568627450980394, 0.44705882352941179, 0.42352941176470588, 0.41960784313725491, 0.43137254901960786, 0.41568627450980394, 0.4392156862745098, 0.41960784313725491, 0.42745098039215684, 0.44705882352941179, 0.41960784313725491, 0.45098039215686275, 0.4392156862745098, 0.44705882352941179, 0.44705882352941179, 0.47058823529411764, 0.43529411764705883, 0.43137254901960786, 0.41960784313725491, 0.40784313725490196, 0.43137254901960786, 0.42745098039215684, 0.41960784313725491, 0.43529411764705883, 0.43137254901960786, 0.40784313725490196, 0.42745098039215684, 0.41568627450980394, 0.40784313725490196], "val_loss": [2.7439939498901369, 2.654412576264026, 2.641193754532758, 2.647181843776329, 2.5168147358239867, 2.5433494577220843, 2.4875896388409187, 2.4609165584339814, 2.4711694025525861, 2.4459731812570609, 2.3947129090627035, 2.4226194269516887, 2.4164839557572906, 2.4319439476611566, 2.4243759015027213, 2.4272525404013838, 2.4096719311732873, 2.4368373244416479, 2.4106479476479925, 2.4489867275836419, 2.4537027639501234, 2.4783667826185041, 2.5072614389307359, 2.4417321130341176, 2.5313838266858868, 2.5226376402611828, 2.5493747440038943, 2.5339606976976583, 2.5397965047873701, 2.6050610158957688, 2.5630095650168028, 2.6197079817454019, 2.602209260416966, 2.5930726621665205, 2.5735894156437293, 2.6164647822286566, 2.6082618189793005, 2.6396637645422243, 2.6846416323792699, 2.6829510978623934, 2.7481317202250164, 2.7516398037181182, 2.7257930063733866, 2.7754489655588186, 2.7414735420077454, 2.7799105980817012, 2.7757891683017508, 2.7804211551067874, 2.8333741206748813, 2.8797135212842155], "size": [31, 31, 31, 31, 31, 31, 31, 31, 31, 31, 31, 31, 31, 31, 31, 31, 31, 31, 31, 31, 31, 31, 31, 31, 31, 31, 31, 31, 31, 31, 31, 31, 31, 31, 31, 31, 31, 31, 31, 31, 31, 31, 31, 31, 31, 31, 31, 31, 31, 31]}