{"acc": [0.011764705882352941, 0.049019607843137254, 0.098039215686274508, 0.16274509803921569, 0.26127450980392158, 0.35147058823529409, 0.46274509803921571, 0.56617647058823528, 0.68676470588235294, 0.74607843137254903, 0.83039215686274515, 0.87009803921568629, 0.91470588235294115, 0.92990196078431375, 0.94313725490196076, 0.9544117647058824, 0.9661764705882353, 0.97401960784313724, 0.97941176470588232, 0.98725490196078436], "loss": [6.2698337816724594, 6.0781025007659313, 5.8297297926510083, 5.4133018587149824, 4.8632133951374126, 4.3796037412157247, 3.8118285553128111, 3.3102341334025067, 2.8370729343563901, 2.552328831541772, 2.2446182709114226, 2.0985122334723378, 1.9273275394065708, 1.8517947454078525, 1.7858866425121531, 1.7551667587429869, 1.7126258761275048, 1.6854187726974488, 1.6547866970885035, 1.6296758142172121], "batch": [31, 31, 31, 31, 31, 31, 31, 31, 31, 31, 31, 31, 31, 31, 31, 31, 31, 31, 31, 31], "val_acc": [0.025490196078431372, 0.062745098039215685, 0.15490196078431373, 0.18235294117647058, 0.27254901960784311, 0.25686274509803919, 0.30392156862745096, 0.31372549019607843, 0.31176470588235294, 0.30784313725490198, 0.33137254901960783, 0.34509803921568627, 0.33921568627450982, 0.30980392156862746, 0.31176470588235294, 0.32156862745098042, 0.32156862745098042, 0.3235294117647059, 0.31568627450980391, 0.3352941176470588], "val_loss": [4.585334424411549, 4.4728473981221519, 4.1741231114256614, 3.842179852840947, 3.4719992703082516, 3.3567018892250808, 3.1723261720993938, 3.1734195933622473, 3.193629888459748, 3.2768060169967952, 3.3211889874701406, 3.4088531858780806, 3.5626330039080449, 3.6210149428423715, 3.7698161115833355, 3.745101672527837, 3.7896577629388548, 3.8959487428852158, 3.8521843087439445, 4.015207668379241], "size": [31, 31, 31, 31, 31, 31, 31, 31, 31, 31, 31, 31, 31, 31, 31, 31, 31, 31, 31, 31]}