{"acc": [0.18680417203797023, 0.2496191257470995], "loss": [5.017297553300829, 4.594710128578089], "batch": [88, 88], "val_acc": [0.027777777777777776, 0.027777777777777776], "val_loss": [4.554344654083252, 4.426209926605225], "size": [47, 47]}