{"acc": [0.77869999999999995, 0.90671666666666662, 0.93164999999999998, 0.94511666666666672, 0.95363333333333333, 0.95874999999999999, 0.96221666666666672, 0.96576666666666666, 0.9674666666666667, 0.96971666666666667, 0.97119999999999995, 0.97260000000000002, 0.97435000000000005, 0.97511666666666663, 0.9760833333333333, 0.97691666666666666, 0.97799999999999998, 0.97831666666666661, 0.9788, 0.97938333333333338, 0.98033333333333328, 0.98035000000000005, 0.98096666666666665, 0.98175000000000001, 0.98266666666666669, 0.98270000000000002, 0.9831333333333333, 0.98346666666666671, 0.98370000000000002, 0.98451666666666671, 0.98426666666666662, 0.98466666666666669, 0.98496666666666666, 0.98551666666666671, 0.98566666666666669, 0.98568333333333336, 0.98570000000000002, 0.98604999999999998, 0.98641666666666672, 0.9866166666666667, 0.9869, 0.98724999999999996, 0.98698333333333332, 0.98773333333333335, 0.98740000000000006, 0.98766666666666669, 0.98801666666666665, 0.98804999999999998, 0.9885666666666667, 0.98824999999999996], "loss": [1.0436321794092656, 0.43766521115601065, 0.29886463297158478, 0.23385581833869218, 0.19596729915589095, 0.17094192655012011, 0.1530078180246055, 0.13933923631720244, 0.12848016171902418, 0.11975419512577355, 0.11229594953916967, 0.10598229293897748, 0.10092405376955867, 0.096179899172857408, 0.09168262173328548, 0.088924868967384094, 0.085401054807938637, 0.082330376610159878, 0.080014859888702633, 0.07744370349310338, 0.0752576057529077, 0.073168102994561196, 0.071389052267186337, 0.069006964790634812, 0.067549657260999083, 0.066037067115772521, 0.064464808158576484, 0.063104513735510404, 0.062003043851349506, 0.060670472653582691, 0.059549225580878558, 0.058406417082529513, 0.057116762600839137, 0.056242689423728731, 0.055352250618860128, 0.054323477127123626, 0.053558562689460812, 0.052858053852338341, 0.051977941491641103, 0.051160940166562793, 0.050213199984747915, 0.049620968746487054, 0.049108422107063232, 0.048354002102278172, 0.047436590566299855, 0.046814544782042507, 0.046282672387547789, 0.045633572142105547, 0.045008126468397677, 0.044380076643079518], "batch": [499, 499, 499, 499, 499, 499, 499, 499, 499, 499, 499, 499, 499, 499, 499, 499, 499, 499, 499, 499, 499, 499, 499, 499, 499, 499, 499, 499, 499, 499, 499, 499, 499, 499, 499, 499, 499, 499, 499, 499, 499, 499, 499, 499, 499, 499, 499, 499, 499, 499], "val_acc": [0.89670000000000005, 0.93340000000000001, 0.9456, 0.95299999999999996, 0.95909999999999995, 0.96389999999999998, 0.96699999999999997, 0.96909999999999996, 0.97209999999999996, 0.97309999999999997, 0.97389999999999999, 0.9758, 0.97650000000000003, 0.97609999999999997, 0.97770000000000001, 0.97850000000000004, 0.97889999999999999, 0.97889999999999999, 0.97999999999999998, 0.98029999999999995, 0.98070000000000002, 0.98060000000000003, 0.98080000000000001, 0.98150000000000004, 0.98119999999999996, 0.98199999999999998, 0.98219999999999996, 0.98229999999999995, 0.98160000000000003, 0.98280000000000001, 0.98380000000000001, 0.98360000000000003, 0.98470000000000002, 0.98399999999999999, 0.98419999999999996, 0.98429999999999995, 0.98499999999999999, 0.98580000000000001, 0.98419999999999996, 0.98650000000000004, 0.98429999999999995, 0.98540000000000005, 0.98360000000000003, 0.98670000000000002, 0.98640000000000005, 0.98670000000000002, 0.98650000000000004, 0.98609999999999998, 0.98640000000000005, 0.98609999999999998], "val_loss": [0.54063580721616744, 0.32052267585694788, 0.23794500917196273, 0.19522607773914932, 0.16443861186131836, 0.14770607483759524, 0.12869354049861431, 0.1176331948004663, 0.11112292286939919, 0.10447887748572976, 0.095444572725333271, 0.091080256825312969, 0.086927740400657053, 0.084606310304254292, 0.080171621118672196, 0.075969210884068161, 0.07583990032598377, 0.07245226968452334, 0.06968455501319841, 0.067136683573015041, 0.066421698863618081, 0.065357694828417148, 0.068117626704741266, 0.06149681295501068, 0.062499386595562104, 0.059155064398422837, 0.058908921895548701, 0.057896886497968807, 0.056559335315367207, 0.056472203003009779, 0.055013940329896288, 0.053790172880282629, 0.052539107486372812, 0.054186485605780037, 0.052904462786857037, 0.05199064129497856, 0.052333449554862452, 0.048825149649987, 0.051982029617065564, 0.047421257401350884, 0.050358515285886821, 0.049438569728052245, 0.052649745401460675, 0.046909980600932613, 0.045535796095617115, 0.046366725675994529, 0.045788552465848627, 0.045840856436407194, 0.045392174494918433, 0.045128885139594788], "size": [60, 60, 60, 60, 60, 60, 60, 60, 60, 60, 60, 60, 60, 60, 60, 60, 60, 60, 60, 60, 60, 60, 60, 60, 60, 60, 60, 60, 60, 60, 60, 60, 60, 60, 60, 60, 60, 60, 60, 60, 60, 60, 60, 60, 60, 60, 60, 60, 60, 60]}