{"acc": [0.022058823529411766, 0.11029411764705882, 0.25049019607843137, 0.42107843137254902, 0.61911764705882355, 0.76470588235294112, 0.86715686274509807, 0.92107843137254897, 0.93970588235294117, 0.9696078431372549, 0.97450980392156861, 0.98039215686274506, 0.98088235294117643, 0.9916666666666667, 0.99117647058823533, 0.99509803921568629, 0.99509803921568629, 0.99362745098039218, 0.99215686274509807, 0.99754901960784315], "loss": [6.4440345988554117, 5.6300011410432704, 4.8817466810637828, 3.9988061886207729, 3.135809955409929, 2.5062288920084637, 2.1190953628689635, 1.9149748923731784, 1.8079766137927187, 1.7159959699593339, 1.6844893689249076, 1.6569495130987728, 1.6485389901142495, 1.6054528778674555, 1.5985925866108315, 1.5877971934337243, 1.5826916858261706, 1.5809560228796566, 1.5857060231414495, 1.5633706008686739], "batch": [31, 31, 31, 31, 31, 31, 31, 31, 31, 31, 31, 31, 31, 31, 31, 31, 31, 31, 31, 31], "val_acc": [0.078431372549019607, 0.21764705882352942, 0.24901960784313726, 0.31372549019607843, 0.31960784313725488, 0.33333333333333331, 0.34705882352941175, 0.3352941176470588, 0.34901960784313724, 0.37058823529411766, 0.37647058823529411, 0.35686274509803922, 0.36078431372549019, 0.38039215686274508, 0.36274509803921567, 0.37647058823529411, 0.36862745098039218, 0.38627450980392158, 0.39019607843137255, 0.37647058823529411], "val_loss": [4.3649679707545861, 3.8069315639196657, 3.4199484778385538, 3.0424681476518218, 3.0544164517346553, 3.1483696900162044, 3.035122163622987, 3.3063183616189398, 3.2321115531173406, 3.3839389997370102, 3.3864235307656081, 3.5010717663110471, 3.4407226160460826, 3.5258830444485532, 3.5931279266581817, 3.4953946870916028, 3.4853329667858048, 3.548573881037095, 3.4843631117951634, 3.5394308866239061], "size": [31, 31, 31, 31, 31, 31, 31, 31, 31, 31, 31, 31, 31, 31, 31, 31, 31, 31, 31, 31]}