{"acc": [0.4982464079647019], "loss": [3.0219988471742316], "batch": [137], "val_acc": [0.4444444444444444], "val_loss": [1.3901755809783936], "size": [31]}