{"acc": [0.12381666666666667, 0.20051666666666668, 0.43041666666666667, 0.59413333333333329, 0.73626666666666662, 0.82138333333333335, 0.8606166666666667, 0.8767166666666667, 0.88661666666666672, 0.89366666666666672, 0.89706666666666668, 0.90083333333333337, 0.90413333333333334, 0.90528333333333333, 0.90725, 0.9085333333333333, 0.91036666666666666, 0.9115833333333333, 0.91344999999999998, 0.91476666666666662, 0.91569999999999996, 0.91595000000000004, 0.91710000000000003, 0.91700000000000004, 0.91925000000000001, 0.91946666666666665, 0.92010000000000003, 0.92036666666666667, 0.92069999999999996, 0.92246666666666666, 0.92320000000000002, 0.92296666666666671, 0.92400000000000004, 0.92428333333333335, 0.9257333333333333, 0.92653333333333332, 0.9267333333333333, 0.92884999999999995, 0.92803333333333338, 0.92988333333333328, 0.93041666666666667, 0.93118333333333336, 0.93110000000000004, 0.93413333333333337, 0.93345, 0.93393333333333328, 0.93561666666666665, 0.93771666666666664, 0.93815000000000004, 0.93859999999999999], "loss": [2.2962997596263888, 2.2644400317668913, 2.1680350775718691, 1.9212117872238159, 1.5116417136192322, 1.1063623068928718, 0.82788613355159757, 0.66027341127395633, 0.55696987956762312, 0.49092939281463621, 0.44626330406963827, 0.41427161233127119, 0.3905728187561035, 0.37237821687757972, 0.35705913972854614, 0.3472826935350895, 0.33781242381036281, 0.32812679522484539, 0.32109080691635611, 0.31491767205297949, 0.30921418742835521, 0.30577526304125785, 0.29880235719680787, 0.29710129058361051, 0.29307441366463899, 0.28777455512434247, 0.28514877750724554, 0.28229701747000219, 0.2808161183819175, 0.2761354780048132, 0.27333804112672805, 0.27134192811697722, 0.2683442308790982, 0.26644998216629029, 0.26254674918949605, 0.2614405054152012, 0.25794139768183233, 0.25427542269229891, 0.25253328163921834, 0.24741615439206363, 0.24663320153951646, 0.24236024536192416, 0.24023883347213268, 0.23690272801369427, 0.23503919461369516, 0.23067924393340944, 0.22679728499054908, 0.22200653351843358, 0.21987659725174308, 0.21748733403906226], "batch": [499, 499, 499, 499, 499, 499, 499, 499, 499, 499, 499, 499, 499, 499, 499, 499, 499, 499, 499, 499, 499, 499, 499, 499, 499, 499, 499, 499, 499, 499, 499, 499, 499, 499, 499, 499, 499, 499, 499, 499, 499, 499, 499, 499, 499, 499, 499, 499, 499, 499], "val_acc": [0.1149, 0.27060000000000001, 0.4698, 0.69969999999999999, 0.80500000000000005, 0.85570000000000002, 0.88480000000000003, 0.89119999999999999, 0.89600000000000002, 0.90469999999999995, 0.9103, 0.91120000000000001, 0.91369999999999996, 0.91520000000000001, 0.91420000000000001, 0.91759999999999997, 0.91839999999999999, 0.91900000000000004, 0.91979999999999995, 0.9204, 0.92269999999999996, 0.92130000000000001, 0.92079999999999995, 0.92410000000000003, 0.9234, 0.92300000000000004, 0.92369999999999997, 0.92269999999999996, 0.92479999999999996, 0.92330000000000001, 0.9264, 0.92730000000000001, 0.92700000000000005, 0.92730000000000001, 0.92910000000000004, 0.92589999999999995, 0.92849999999999999, 0.92910000000000004, 0.92979999999999996, 0.93030000000000002, 0.9294, 0.93100000000000005, 0.93410000000000004, 0.93140000000000001, 0.93440000000000001, 0.93510000000000004, 0.93510000000000004, 0.93579999999999997, 0.93700000000000006, 0.9365], "val_loss": [2.2847739238739013, 2.2310785636901858, 2.0735590391159056, 1.7260912492275238, 1.2761072428226472, 0.91988135039806362, 0.70022733753919597, 0.57148727548122402, 0.49050585821270942, 0.4352338514328003, 0.3998029495179653, 0.37353891384601595, 0.35369950023293495, 0.33717542004585266, 0.32799730515480041, 0.3189787111133337, 0.30963166619837285, 0.30449067713320255, 0.29889886839687824, 0.29263171955943107, 0.28912517287582157, 0.28778336519002912, 0.28337630920112133, 0.27898906844109295, 0.27700254931300877, 0.27396130472421648, 0.2715923113487661, 0.27264882452785971, 0.26948464816063644, 0.26755572300031782, 0.26203627848997713, 0.26065984885394572, 0.26356773525103927, 0.25555340126901865, 0.25365253105759622, 0.25847809268161653, 0.2499157573878765, 0.24959461989253759, 0.24633999027311801, 0.24543290391191841, 0.24233917548507453, 0.24124304772540928, 0.23876007098332047, 0.23723002808168531, 0.2337393091879785, 0.22902796476706863, 0.22786637063138188, 0.2258841951303184, 0.22251570307463409, 0.21961622215434909], "size": [60, 60, 60, 60, 60, 60, 60, 60, 60, 60, 60, 60, 60, 60, 60, 60, 60, 60, 60, 60, 60, 60, 60, 60, 60, 60, 60, 60, 60, 60, 60, 60, 60, 60, 60, 60, 60, 60, 60, 60, 60, 60, 60, 60, 60, 60, 60, 60, 60, 60]}