{"acc": [0.10695, 0.12565000000000001, 0.24941666666666668, 0.6247166666666667, 0.8000666666666667, 0.84455000000000002, 0.86391666666666667, 0.87605, 0.88503333333333334, 0.89136666666666664, 0.89654999999999996, 0.90236666666666665, 0.90681666666666672, 0.91123333333333334, 0.91533333333333333, 0.91944999999999999, 0.92318333333333336, 0.92603333333333337, 0.92825000000000002, 0.93154999999999999, 0.93379999999999996, 0.93615000000000004, 0.93858333333333333, 0.94108333333333338, 0.94248333333333334, 0.94435000000000002, 0.94591666666666663, 0.94723333333333337, 0.94913333333333338, 0.95016666666666671, 0.95204999999999995, 0.95240000000000002, 0.95445000000000002, 0.95508333333333328, 0.95618333333333339, 0.95730000000000004, 0.95786666666666664, 0.95883333333333332, 0.95938333333333337, 0.96014999999999995, 0.96123333333333338, 0.96209999999999996, 0.96226666666666671, 0.96308333333333329, 0.96353333333333335, 0.96448333333333336, 0.96478333333333333, 0.96488333333333332, 0.96553333333333335, 0.96630000000000005], "loss": [2.3150579485893248, 2.296286071062088, 2.2098706066608429, 1.612689645767212, 0.80006593823432925, 0.56379870328307147, 0.47699296726286411, 0.42837980630993844, 0.39598473505675791, 0.37137362398952245, 0.35076215875148775, 0.33293931206315758, 0.31745374947786331, 0.30308259621262551, 0.28967351771891114, 0.27761448197066785, 0.26603062064200639, 0.25565818429738285, 0.24596736655384302, 0.23658490962907672, 0.22825740160793065, 0.22016244295611978, 0.21260026874765753, 0.2059184361062944, 0.19921454903110861, 0.19353665786609053, 0.18780081774666904, 0.18245254738256336, 0.17766153860837222, 0.17310986782237886, 0.16871329909190536, 0.16474029237404467, 0.16076004635170102, 0.157172458300367, 0.15383209914527834, 0.15063099123351276, 0.14768270583823323, 0.14474927659332754, 0.14212197759747505, 0.13948030069842934, 0.13699778218753636, 0.13474739853665232, 0.13228117722459137, 0.13027758887037635, 0.12826502342242749, 0.12608470868319274, 0.12442026957310737, 0.12286595669202506, 0.12108399035036564, 0.11936083023063838], "batch": [499, 499, 499, 499, 499, 499, 499, 499, 499, 499, 499, 499, 499, 499, 499, 499, 499, 499, 499, 499, 499, 499, 499, 499, 499, 499, 499, 499, 499, 499, 499, 499, 499, 499, 499, 499, 499, 499, 499, 499, 499, 499, 499, 499, 499, 499, 499, 499, 499, 499], "val_acc": [0.1135, 0.25879999999999997, 0.2334, 0.78490000000000004, 0.84060000000000001, 0.86070000000000002, 0.87919999999999998, 0.88670000000000004, 0.89649999999999996, 0.89900000000000002, 0.90920000000000001, 0.91090000000000004, 0.91449999999999998, 0.91949999999999998, 0.92130000000000001, 0.92320000000000002, 0.92669999999999997, 0.93120000000000003, 0.93489999999999995, 0.93710000000000004, 0.93930000000000002, 0.94220000000000004, 0.94420000000000004, 0.94550000000000001, 0.94840000000000002, 0.94950000000000001, 0.95109999999999995, 0.95199999999999996, 0.95230000000000004, 0.95399999999999996, 0.95579999999999998, 0.95709999999999995, 0.95799999999999996, 0.96040000000000003, 0.95989999999999998, 0.96040000000000003, 0.96099999999999997, 0.96150000000000002, 0.96289999999999998, 0.96399999999999997, 0.9637, 0.96499999999999997, 0.96340000000000003, 0.96540000000000004, 0.9677, 0.96579999999999999, 0.96619999999999995, 0.96730000000000005, 0.96750000000000003, 0.96889999999999998], "val_loss": [2.2967978868484495, 2.270371771335602, 2.071445407629013, 1.0490550558567047, 0.61203153833746915, 0.49359039852023123, 0.4314476025402546, 0.39286691356450321, 0.36520617753267287, 0.34904464129358531, 0.32444882722198964, 0.30877101182937622, 0.29636395556852224, 0.27965141056105497, 0.2715894885696471, 0.25869091797620059, 0.24701524418219925, 0.23730765220522881, 0.2277431096918881, 0.21826151756942272, 0.21072399409674109, 0.20181404656916857, 0.19522995571605861, 0.18957462957687676, 0.18369627536833286, 0.17811999492347241, 0.17387175352685152, 0.16768286696821452, 0.16339826483093203, 0.15971362454257906, 0.15464807968027891, 0.15048379980958998, 0.15015664347819985, 0.14490736160613596, 0.14204184568393977, 0.13771212146524339, 0.13596080821193754, 0.13431480738613755, 0.13018007483333349, 0.12872692056000232, 0.12869646439887583, 0.12475194211304187, 0.12382938430830837, 0.12060159386321902, 0.11896341352630406, 0.11770164579618722, 0.11752318319957704, 0.11194932275265455, 0.11193487085122615, 0.10970211942028255], "size": [60, 60, 60, 60, 60, 60, 60, 60, 60, 60, 60, 60, 60, 60, 60, 60, 60, 60, 60, 60, 60, 60, 60, 60, 60, 60, 60, 60, 60, 60, 60, 60, 60, 60, 60, 60, 60, 60, 60, 60, 60, 60, 60, 60, 60, 60, 60, 60, 60, 60]}