{"acc": [0.011274509803921568, 0.030882352941176472, 0.070098039215686275, 0.10245098039215686, 0.1426470588235294, 0.18676470588235294, 0.2372549019607843, 0.29068627450980394, 0.35098039215686272, 0.40196078431372551, 0.4568627450980392, 0.5151960784313725, 0.5455882352941176, 0.63431372549019605, 0.67107843137254897, 0.72745098039215683, 0.75049019607843137, 0.8024509803921569, 0.85245098039215683, 0.87892156862745097], "loss": [7.76980359694537, 7.5991164338354968, 7.466822616726744, 7.2890321301478966, 7.0298171473484414, 6.7635124131744986, 6.427508703867594, 6.128061672285491, 5.8499058368159274, 5.5790870853498866, 5.2976927682465194, 5.0013463917900536, 4.8221237163917694, 4.5671201687233118, 4.3348417132508521, 4.1052765163720819, 3.9659369356491987, 3.7906005728478527, 3.6272242676978017, 3.5276450260012759], "batch": [15, 15, 15, 15, 15, 15, 15, 15, 15, 15, 15, 15, 15, 15, 15, 15, 15, 15, 15, 15], "val_acc": [0.021568627450980392, 0.060784313725490195, 0.068627450980392163, 0.12745098039215685, 0.15294117647058825, 0.16666666666666666, 0.19019607843137254, 0.19411764705882353, 0.22745098039215686, 0.24509803921568626, 0.27647058823529413, 0.28627450980392155, 0.31372549019607843, 0.30588235294117649, 0.32549019607843138, 0.31764705882352939, 0.33921568627450982, 0.32745098039215687, 0.32549019607843138, 0.33921568627450982], "val_loss": [4.6075853366477819, 4.5392186594944377, 4.4536053788428216, 4.2726165846282358, 4.0749562169991291, 3.8680264697355384, 3.7152950679554659, 3.5838004729327033, 3.4748246492124073, 3.3726484186509076, 3.2684571789760217, 3.237069590886434, 3.1652521572861017, 3.2158573318930235, 3.1761308249305276, 3.1825545236176134, 3.1572756271736293, 3.313437224369423, 3.3822365826251461, 3.4218316723318662], "size": [63, 63, 63, 63, 63, 63, 63, 63, 63, 63, 63, 63, 63, 63, 63, 63, 63, 63, 63, 63]}