{"acc": [0.23778272588773, 0.335286534630259], "loss": [4.9272196506624075, 4.198999361543153], "batch": [88, 88], "val_acc": [0.08333333333333333, 0.2222222222222222], "val_loss": [4.270747661590576, 4.040037155151367], "size": [47, 47]}