{"acc": [0.011764705882352941, 0.041176470588235294, 0.081372549019607845, 0.13235294117647059, 0.22254901960784312, 0.29607843137254902, 0.39362745098039215, 0.50147058823529411, 0.61127450980392162, 0.71029411764705885, 0.77941176470588236, 0.84264705882352942, 0.8901960784313725, 0.90049019607843139, 0.93039215686274512, 0.94215686274509802, 0.957843137254902, 0.95343137254901966, 0.97401960784313724, 0.97352941176470587], "loss": [6.2936873454673616, 6.1121934348461675, 5.9161132550707052, 5.562659674999761, 5.1154435026879401, 4.6416692677666163, 4.1477452035043756, 3.6186756433225145, 3.1374506436142267, 2.7379852790458528, 2.4729899527979833, 2.2225545733582739, 2.0239250683316996, 1.9574989730236576, 1.8531589321061677, 1.8039113778694003, 1.7424514518064611, 1.7386178105485206, 1.6845614152796129, 1.673135511080424], "batch": [31, 31, 31, 31, 31, 31, 31, 31, 31, 31, 31, 31, 31, 31, 31, 31, 31, 31, 31, 31], "val_acc": [0.039215686274509803, 0.060784313725490195, 0.13333333333333333, 0.18235294117647058, 0.25882352941176473, 0.26862745098039215, 0.29411764705882354, 0.29803921568627451, 0.31960784313725488, 0.33333333333333331, 0.34313725490196079, 0.33137254901960783, 0.34705882352941175, 0.34509803921568627, 0.34509803921568627, 0.32941176470588235, 0.32549019607843138, 0.35490196078431374, 0.35098039215686272, 0.36666666666666664], "val_loss": [4.5961274427526133, 4.489329655965169, 4.2327249957065955, 3.9169445159388525, 3.6031429636712167, 3.3743701261632584, 3.2359735928329765, 3.1930160531810685, 3.0567934812283983, 3.2012059950361067, 3.0952766736348472, 3.2065160162308635, 3.4279026947769462, 3.423103691549862, 3.4217126649968765, 3.5486391721987256, 3.7232421903049246, 3.5765329005671482, 3.7120062987009685, 3.728071970098159], "size": [31, 31, 31, 31, 31, 31, 31, 31, 31, 31, 31, 31, 31, 31, 31, 31, 31, 31, 31, 31]}