{"acc": [0.10985, 0.11126666666666667, 0.11011666666666667, 0.10873333333333333, 0.1105, 0.11143333333333333, 0.11073333333333334, 0.11276666666666667, 0.11356666666666666, 0.11258333333333333, 0.11276666666666667, 0.11476666666666667, 0.11375, 0.1152, 0.11551666666666667, 0.11556666666666666, 0.11731666666666667, 0.11668333333333333, 0.11768333333333333, 0.11786666666666666, 0.12286666666666667, 0.12473333333333333, 0.12429999999999999, 0.12583333333333332, 0.13, 0.14456666666666668, 0.15459999999999999, 0.17965, 0.2014, 0.27546666666666669, 0.35310000000000002, 0.39998333333333336, 0.42163333333333336, 0.45529999999999998, 0.49198333333333333, 0.53520000000000001, 0.57953333333333334, 0.62304999999999999, 0.65781666666666672, 0.68748333333333334, 0.71289999999999998, 0.73570000000000002, 0.75473333333333337, 0.77134999999999998, 0.78593333333333337, 0.79771666666666663, 0.80813333333333337, 0.81836666666666669, 0.82596666666666663, 0.83325000000000005], "loss": [2.3025966563224793, 2.3020575549602507, 2.3021132459640503, 2.3016529543399811, 2.3016783444881441, 2.3016129262447356, 2.3013612117767335, 2.3009884142875672, 2.3008264720439913, 2.3007121183872221, 2.3003794915676119, 2.3001678400039673, 2.2999845900535583, 2.299628573656082, 2.2992134103775026, 2.2989520153999328, 2.2985011923313139, 2.2980305957794189, 2.2974944510459898, 2.296586118221283, 2.2956166119575498, 2.2946167626380922, 2.2931450440883636, 2.2914909284114837, 2.2890867125988006, 2.2862256309986115, 2.2819258687496187, 2.2754713406562805, 2.2654817953109743, 2.2483619565963746, 2.216146944761276, 2.1472321166992185, 2.0053804225921632, 1.8037016350030899, 1.5997131013870238, 1.4177724843025208, 1.2772669430971146, 1.1570219771862029, 1.0474860563874244, 0.95754311734437947, 0.88692800009250639, 0.83008189463615423, 0.78294945940375327, 0.74329967486858373, 0.70969111466407775, 0.68035613340139389, 0.65457720011472698, 0.63152762037515642, 0.61095721265673641, 0.5922833996117115], "batch": [499, 499, 499, 499, 499, 499, 499, 499, 499, 499, 499, 499, 499, 499, 499, 499, 499, 499, 499, 499, 499, 499, 499, 499, 499, 499, 499, 499, 499, 499, 499, 499, 499, 499, 499, 499, 499, 499, 499, 499, 499, 499, 499, 499, 499, 499, 499, 499, 499, 499], "val_acc": [0.1135, 0.10100000000000001, 0.1135, 0.1135, 0.1135, 0.1135, 0.1028, 0.095799999999999996, 0.1135, 0.1135, 0.1135, 0.1135, 0.1135, 0.161, 0.1135, 0.1135, 0.1135, 0.1135, 0.1017, 0.1135, 0.1017, 0.10100000000000001, 0.1124, 0.16220000000000001, 0.13519999999999999, 0.39389999999999997, 0.1135, 0.11559999999999999, 0.24529999999999999, 0.33229999999999998, 0.36330000000000001, 0.4234, 0.44219999999999998, 0.46160000000000001, 0.50129999999999997, 0.55510000000000004, 0.60909999999999997, 0.64680000000000004, 0.67410000000000003, 0.70669999999999999, 0.72819999999999996, 0.74719999999999998, 0.76570000000000005, 0.7792, 0.79710000000000003, 0.80589999999999995, 0.81569999999999998, 0.82399999999999995, 0.8306, 0.83599999999999997], "val_loss": [2.3015567059516906, 2.3014651465415956, 2.3009798760414122, 2.3016013135910036, 2.3010234236717224, 2.3003436293601989, 2.3005711936950686, 2.3016647243499757, 2.3006434478759767, 2.300131332397461, 2.3000772471427919, 2.2994313521385195, 2.2994657411575319, 2.2993933053016664, 2.2985344042778015, 2.2979417948722838, 2.2972440395355225, 2.2970094308853151, 2.2967463216781616, 2.2957491154670717, 2.2947436537742614, 2.2943396105766296, 2.2920879468917845, 2.2897195777893065, 2.2882048625946045, 2.284152338504791, 2.2778380541801453, 2.2702695298194886, 2.2579932355880739, 2.2339059696197512, 2.1884082102775575, 2.087778479576111, 1.9044702687263488, 1.6990859730243684, 1.5027585864067077, 1.3425858504772186, 1.2147977283000946, 1.0970112998485566, 0.9957079492807388, 0.91381264996528622, 0.84964529573917391, 0.79718893742561336, 0.75465177923440929, 0.71772375833988189, 0.68664081633090968, 0.65810987854003911, 0.63414117509126666, 0.61182027083635326, 0.591638622790575, 0.57438645321130755], "size": [60, 60, 60, 60, 60, 60, 60, 60, 60, 60, 60, 60, 60, 60, 60, 60, 60, 60, 60, 60, 60, 60, 60, 60, 60, 60, 60, 60, 60, 60, 60, 60, 60, 60, 60, 60, 60, 60, 60, 60, 60, 60, 60, 60, 60, 60, 60, 60, 60, 60]}