{"acc": [0.015250544662309368, 0.03093681917211329, 0.079738562091503262, 0.11198257080610022, 0.1681917211328976, 0.20653594771241829, 0.23485838779956428, 0.2849673202614379, 0.33246187363834423, 0.36034858387799562, 0.40261437908496733, 0.45185185185185184, 0.49193899782135075, 0.53856209150326795, 0.58039215686274515, 0.61525054466230933, 0.65620915032679739, 0.71546840958605662, 0.7172113289760349, 0.75337690631808274, 0.78823529411764703, 0.80174291938997821, 0.82701525054466229, 0.84444444444444444, 0.85969498910675379, 0.88235294117647056, 0.87189542483660132, 0.87581699346405228, 0.89368191721132895, 0.8971677559912854, 0.90762527233115464, 0.918082788671024, 0.918082788671024, 0.93202614379084969, 0.92200435729847496, 0.94727668845315904, 0.93725490196078431, 0.94291938997821356, 0.95206971677559915, 0.95250544662309367, 0.94596949891067539, 0.9485838779956427, 0.95686274509803926, 0.95599128540305012, 0.95468409586056646, 0.96557734204793033, 0.95511982570806098, 0.96906318082788667, 0.95816993464052291, 0.96775599128540302], "loss": [6.0115949422965125, 5.5677066661693431, 5.2932216640131662, 5.0277386490815603, 4.7377835897059226, 4.5009276398386575, 4.3290673048148225, 4.0463481227816578, 3.8176266148718874, 3.6836668011409786, 3.4091207440901945, 3.1919094297620987, 3.0154635083441641, 2.7978485252862404, 2.6020905261465668, 2.4607001409551419, 2.2659069460201886, 2.1007634269386077, 2.0658359198788414, 1.9578466178544986, 1.8034349024425664, 1.7838005518341895, 1.6741352289590441, 1.6072697808799661, 1.570100064890577, 1.4793058307601996, 1.4972464657557036, 1.4727968444491784, 1.4129478745990329, 1.4207122333169244, 1.3736968339658251, 1.3450236248294771, 1.3527358021871196, 1.3083584988558734, 1.3368512812263307, 1.279211820340624, 1.2793972204453545, 1.2517009594861199, 1.2340054156214064, 1.2294596521942704, 1.2231964714906314, 1.2273451511117108, 1.2021023310867009, 1.2083069534862743, 1.1987646030185011, 1.1780144965726567, 1.1885378894203369, 1.1653430242683893, 1.1796095799257034, 1.1649429994470932], "batch": [71, 71, 71, 71, 71, 71, 71, 71, 71, 71, 71, 71, 71, 71, 71, 71, 71, 71, 71, 71, 71, 71, 71, 71, 71, 71, 71, 71, 71, 71, 71, 71, 71, 71, 71, 71, 71, 71, 71, 71, 71, 71, 71, 71, 71, 71, 71, 71, 71, 71], "val_acc": [0.043137254901960784, 0.062745098039215685, 0.090196078431372548, 0.12941176470588237, 0.15686274509803921, 0.2196078431372549, 0.24313725490196078, 0.23921568627450981, 0.24705882352941178, 0.27058823529411763, 0.2627450980392157, 0.25882352941176473, 0.28627450980392155, 0.29019607843137257, 0.32941176470588235, 0.32941176470588235, 0.32941176470588235, 0.27843137254901962, 0.31372549019607843, 0.30196078431372547, 0.30588235294117649, 0.32156862745098042, 0.30196078431372547, 0.31372549019607843, 0.31372549019607843, 0.32549019607843138, 0.34509803921568627, 0.31764705882352939, 0.33725490196078434, 0.31764705882352939, 0.29803921568627451, 0.34901960784313724, 0.33725490196078434, 0.35294117647058826, 0.34901960784313724, 0.33725490196078434, 0.36862745098039218, 0.34901960784313724, 0.3411764705882353, 0.36078431372549019, 0.35294117647058826, 0.33333333333333331, 0.32549019607843138, 0.32156862745098042, 0.34509803921568627, 0.3411764705882353, 0.33725490196078434, 0.35686274509803922, 0.35294117647058826, 0.35686274509803922], "val_loss": [4.6070830775242229, 4.4710570971171064, 4.2311165491739908, 4.0715732667960376, 3.9763194682551366, 3.7577187379201251, 3.5984087738336301, 3.3830451937282788, 3.3681317647298177, 3.2793966452280681, 3.2233793417612713, 3.2547136381560682, 3.1055472439410639, 3.0783696230720072, 3.0936199646370084, 3.2048900342455098, 3.1161102397769107, 3.1546895588145536, 3.1135099392311245, 3.1782163386251412, 3.2822150828791599, 3.284770529877906, 3.3141077995300292, 3.4296347879895976, 3.4297118243049174, 3.578619519401999, 3.3902706576328652, 3.5011338598587933, 3.4432597842870973, 3.4955950568704046, 3.5835460728290034, 3.5186096976785097, 3.6025538135977353, 3.5711683759502337, 3.5573778432958267, 3.6515120983123781, 3.6804470277300068, 3.6775571804420619, 3.766109032724418, 3.8194461747711781, 3.8183199181276208, 3.7666587240555707, 3.9457973975761265, 3.982271640440997, 3.8919685878005681, 3.9774779562856635, 4.0511414873833749, 4.1252034953996244, 4.0246863954207477, 3.9593805041967656], "size": [15, 15, 15, 15, 15, 15, 15, 15, 15, 15, 15, 15, 15, 15, 15, 15, 15, 15, 15, 15, 15, 15, 15, 15, 15, 15, 15, 15, 15, 15, 15, 15, 15, 15, 15, 15, 15, 15, 15, 15, 15, 15, 15, 15, 15, 15, 15, 15, 15, 15]}