{"acc": [[0.03125, 0.015625, 0.0625, 0.125, 0.09375, 0.078125, 0.125, 0.109375, 0.0625, 0.09375, 0.109375, 0.109375, 0.140625, 0.140625, 0.15625, 0.15625, 0.140625, 0.25, 0.125, 0.109375, 0.28125, 0.25, 0.140625, 0.21875, 0.171875, 0.25, 0.203125, 0.3125, 0.359375, 0.171875, 0.265625, 0.1875, 0.265625, 0.203125, 0.1875, 0.140625, 0.15625, 0.296875, 0.140625, 0.21875, 0.25, 0.171875, 0.21875, 0.1875, 0.171875, 0.1875, 0.125, 0.1875, 0.15625, 0.09375, 0.140625, 0.21875, 0.171875, 0.265625, 0.265625, 0.09375, 0.25, 0.15625, 0.234375, 0.15625, 0.21875, 0.296875, 0.234375, 0.21875, 0.109375, 0.109375, 0.140625, 0.140625, 0.25, 0.21875, 0.265625, 0.109375, 0.15625, 0.296875, 0.1875, 0.296875, 0.265625, 0.265625, 0.296875, 0.28125, 0.265625, 0.28125, 0.140625, 0.15625, 0.15625, 0.15625, 0.234375, 0.1875, 0.296875, 0.15625, 0.203125, 0.1875, 0.21875, 0.203125, 0.328125, 0.15625, 0.234375, 0.21875, 0.25, 0.234375, 0.25, 0.265625, 0.203125, 0.21875, 0.25, 0.3125, 0.25, 0.171875, 0.125, 0.203125, 0.15625, 0.265625, 0.171875, 0.078125, 0.28125, 0.15625, 0.25, 0.25, 0.34375, 0.21875, 0.234375, 0.265625, 0.203125, 0.234375, 0.171875, 0.203125, 0.25, 0.234375, 0.3125, 0.328125, 0.3125, 0.25, 0.25, 0.265625, 0.140625, 0.25, 0.40625, 0.21875, 0.14285714285714285]], "loss": [[6.6352128982543945, 6.623557090759277, 6.619759559631348, 6.614560127258301, 6.589627742767334, 6.580536365509033, 6.517388820648193, 6.479372024536133, 6.486032009124756, 6.349692344665527, 6.263348579406738, 6.355955123901367, 6.230127811431885, 6.303845405578613, 6.308691024780273, 6.296433448791504, 6.120074272155762, 5.975081920623779, 6.319991111755371, 6.341099739074707, 6.127388954162598, 6.238739013671875, 6.393275260925293, 6.250161170959473, 6.357956409454346, 6.260547161102295, 6.0094499588012695, 6.043371677398682, 5.880146503448486, 6.267930507659912, 6.114080905914307, 6.275307655334473, 6.136989593505859, 6.25334358215332, 6.085432529449463, 6.306307315826416, 6.292947292327881, 6.25484561920166, 6.206421852111816, 6.140410423278809, 6.093422889709473, 6.267006874084473, 6.24883508682251, 6.134047031402588, 6.2912750244140625, 6.32545804977417, 6.343338966369629, 6.3150482177734375, 6.3517537117004395, 6.364355564117432, 6.384782791137695, 6.348267078399658, 6.43190336227417, 6.152751922607422, 6.257360935211182, 6.449889659881592, 6.104184150695801, 6.3120832443237305, 6.085945129394531, 6.250624656677246, 6.210780620574951, 6.068479537963867, 6.1642608642578125, 6.112442970275879, 6.014616012573242, 6.355288982391357, 6.433534622192383, 6.2370429039001465, 5.872227668762207, 6.046879768371582, 5.851100921630859, 6.266880989074707, 6.175468444824219, 6.191948890686035, 6.194427967071533, 6.008326530456543, 6.0861005783081055, 5.990438461303711, 5.870254993438721, 5.853723049163818, 6.097574234008789, 5.757566928863525, 6.520942211151123, 6.173257827758789, 6.372816562652588, 6.3592987060546875, 6.01812219619751, 6.302521705627441, 5.876644134521484, 6.0965895652771, 6.027182102203369, 6.14300537109375, 5.725096225738525, 6.198927879333496, 5.912930965423584, 6.118363857269287, 5.776861190795898, 6.014433860778809, 5.759759902954102, 5.904102802276611, 5.89898681640625, 5.873208999633789, 5.96228551864624, 5.850828170776367, 6.054161548614502, 6.076465606689453, 5.828843116760254, 5.917260646820068, 6.280768871307373, 5.912251949310303, 6.34599494934082, 5.975236415863037, 6.236112117767334, 6.406009197235107, 5.822140216827393, 6.061619758605957, 6.191510200500488, 6.082136154174805, 5.782286643981934, 6.003756523132324, 5.911111831665039, 6.2649030685424805, 6.07954740524292, 5.918551921844482, 6.186221122741699, 6.021461486816406, 6.078701019287109, 5.935060501098633, 5.806491374969482, 5.871968746185303, 6.061570644378662, 5.922863483428955, 5.957840919494629, 5.96156120300293, 6.102607250213623, 6.005965232849121, 5.574036121368408, 5.999370098114014, 6.250048637390137]], "val_size": [[64, 64, 64, 64, 50]], "batch": [[0, 1, 2, 3, 4, 5, 6, 7, 8, 9, 10, 11, 12, 13, 14, 15, 16, 17, 18, 19, 20, 21, 22, 23, 24, 25, 26, 27, 28, 29, 30, 31, 32, 33, 34, 35, 36, 37, 38, 39, 40, 41, 42, 43, 44, 45, 46, 47, 48, 49, 50, 51, 52, 53, 54, 55, 56, 57, 58, 59, 60, 61, 62, 63, 64, 65, 66, 67, 68, 69, 70, 71, 72, 73, 74, 75, 76, 77, 78, 79, 80, 81, 82, 83, 84, 85, 86, 87, 88, 89, 90, 91, 92, 93, 94, 95, 96, 97, 98, 99, 100, 101, 102, 103, 104, 105, 106, 107, 108, 109, 110, 111, 112, 113, 114, 115, 116, 117, 118, 119, 120, 121, 122, 123, 124, 125, 126, 127, 128, 129, 130, 131, 132, 133, 134, 135, 136, 137, 138]], "val_acc": [[0.0625, 0.0625, 0.03125, 0.046875, 0.0]], "val_loss": [[4.580963134765625, 4.64689826965332, 4.580966949462891, 4.581993579864502, 4.771778106689453]], "size": [[64, 64, 64, 64, 64, 64, 64, 64, 64, 64, 64, 64, 64, 64, 64, 64, 64, 64, 64, 64, 64, 64, 64, 64, 64, 64, 64, 64, 64, 64, 64, 64, 64, 64, 64, 64, 64, 64, 64, 64, 64, 64, 64, 64, 64, 64, 64, 64, 64, 64, 64, 64, 64, 64, 64, 64, 64, 64, 64, 64, 64, 64, 64, 64, 64, 64, 64, 64, 64, 64, 64, 64, 64, 64, 64, 64, 64, 64, 64, 64, 64, 64, 64, 64, 64, 64, 64, 64, 64, 64, 64, 64, 64, 64, 64, 64, 64, 64, 64, 64, 64, 64, 64, 64, 64, 64, 64, 64, 64, 64, 64, 64, 64, 64, 64, 64, 64, 64, 64, 64, 64, 64, 64, 64, 64, 64, 64, 64, 64, 64, 64, 64, 64, 64, 64, 64, 64, 64, 7]]}