{"acc": [[0.0, 0.0, 0.0, 1.0, 0.0, 0.0, 0.0, 0.625, 1.0, 0.0, 1.0, 0.0, 0.0, 1.0, 0.96875, 0.0, 0.8125, 0.71875, 0.0, 0.5, 0.21875, 0.3125, 0.1875, 0.21875, 0.28125, 0.125, 0.21875, 0.125, 0.03125, 0.40625, 0.03125, 0.1875, 0.28125, 0.375, 0.09375, 0.375, 0.375, 0.0, 0.03125, 0.03125, 0.0625, 0.03125, 0.09375, 0.125, 0.21875, 0.125, 0.1875, 0.1875, 0.09375, 0.0, 0.0, 0.15625, 0.03125, 0.0625, 0.09375, 0.21875, 0.125, 0.1875, 0.21875, 0.21875, 0.0625, 0.3125, 0.28125, 0.25, 0.28125, 0.375, 0.125, 0.3125, 0.34375, 0.34375, 0.84375, 0.8125, 0.875, 0.9375, 0.84375, 0.8125, 0.71875, 0.65625, 0.78125, 0.90625, 0.8125, 0.90625, 0.75, 0.75, 0.40625, 0.375, 0.25, 0.5625, 0.375, 0.25, 0.1875, 0.125, 0.125, 0.1875, 0.21875, 0.375, 0.40625, 0.46875, 0.53125, 0.40625, 0.71875, 0.625, 0.84375, 0.75, 0.5625, 0.65625, 0.78125, 0.75, 0.75, 0.4375, 0.625, 0.59375, 0.65625, 0.78125, 0.5, 0.46875, 0.4375, 0.28125, 0.46875, 0.34375, 0.46875, 0.4375, 0.5625, 0.40625, 0.5, 0.65625, 0.625, 0.40625, 0.40625, 0.4375, 0.5625, 0.4375, 0.625, 0.75, 0.6875, 0.8125, 0.65625, 0.75, 0.5, 0.34375, 0.25, 0.46875, 0.4375, 0.46875, 0.5625, 0.4375, 0.4375, 0.6875, 0.625, 0.6875, 0.625, 0.4375, 0.46875, 0.625, 0.65625, 0.40625, 0.4375, 0.59375, 0.40625, 0.65625, 0.46875, 0.5625, 0.3125, 0.5625, 0.65625, 0.78125, 0.53125, 0.65625, 0.78125, 0.59375, 0.4375, 0.625, 0.46875, 0.40625, 0.59375, 0.4375, 0.375, 0.3125, 0.625, 0.53125, 0.5625, 0.53125, 0.75, 0.59375, 0.4375, 0.65625, 0.5, 0.46875, 0.5625, 0.6875, 0.625, 0.5, 0.40625, 0.5625, 0.375, 0.53125, 0.40625, 0.375, 0.625, 0.4375, 0.59375, 0.5625, 0.75, 0.6875, 0.34375, 0.40625, 0.53125, 0.59375, 0.65625, 0.625, 0.46875, 0.5, 0.625, 0.6875, 0.5625, 0.65625, 0.4375, 0.34375, 0.5, 0.375, 0.375, 0.5625, 0.28125, 0.59375, 0.53125, 0.65625, 0.6875, 0.59375, 0.59375, 0.5625, 0.40625, 0.625, 0.4375, 0.3125, 0.59375, 0.6875, 0.75, 0.46875, 0.6875, 0.59375, 0.59375, 0.59375, 0.4375, 0.5, 0.46875, 0.59375, 0.21875, 0.34375, 0.3125, 0.5625, 0.71875, 0.5, 0.625, 0.5625, 0.625, 0.46875, 0.53125, 0.53125, 0.3125, 0.65625, 0.4375, 0.40625, 0.375, 0.625, 0.6875, 0.5625, 0.625, 0.46875, 0.40625, 0.28125, 0.4375, 0.4375, 0.40625, 0.53125, 0.75, 0.71875, 0.8571428571428571]], "loss": [[10.195782661437988, 6.269704341888428, 2.6979899406433105, 9.789109230041504, 7.985566139221191, 5.136544704437256, 4.4268012046813965, 3.1011455059051514, 3.0827455520629883, 2.842254638671875, 3.256808280944824, 3.229396104812622, 2.8843929767608643, 2.841599464416504, 2.5481789112091064, 2.546867847442627, 2.755711793899536, 2.553192377090454, 2.754420042037964, 2.5922393798828125, 2.7421555519104004, 2.9650747776031494, 2.8451671600341797, 2.597186326980591, 2.5286407470703125, 3.123598337173462, 2.808655261993408, 3.3799283504486084, 3.596686363220215, 2.590320110321045, 4.034030437469482, 3.5022659301757812, 3.6854848861694336, 3.7221176624298096, 4.147323131561279, 3.987452507019043, 3.7518348693847656, 4.661590576171875, 6.307308197021484, 5.020236015319824, 5.7594075202941895, 5.242837429046631, 5.932297706604004, 5.720104217529297, 5.3992018699646, 5.358914852142334, 5.399883270263672, 5.923626899719238, 5.754234313964844, 5.978515625, 5.617367744445801, 4.790740966796875, 4.988232612609863, 4.136003494262695, 4.390110492706299, 4.272221088409424, 4.015196800231934, 3.654559373855591, 3.376851797103882, 3.344712018966675, 3.2386391162872314, 3.0960628986358643, 2.9710800647735596, 2.8879687786102295, 2.8571300506591797, 2.8443334102630615, 2.7431647777557373, 2.730638027191162, 2.6935174465179443, 2.752009630203247, 2.701965093612671, 2.7353200912475586, 2.7237329483032227, 2.7412662506103516, 2.7106614112854004, 2.7184455394744873, 2.698321580886841, 2.6932992935180664, 2.712104320526123, 2.772336006164551, 2.7723405361175537, 2.724130153656006, 2.691803455352783, 2.712783098220825, 2.749497413635254, 2.7136292457580566, 2.7055656909942627, 2.6688802242279053, 2.700564384460449, 2.7096734046936035, 2.706047773361206, 2.672541379928589, 2.6847422122955322, 2.691648006439209, 2.691258668899536, 2.6616947650909424, 2.6675148010253906, 2.667280435562134, 2.6792399883270264, 2.6696722507476807, 2.6704885959625244, 2.680213689804077, 2.644463062286377, 2.6609368324279785, 2.6518568992614746, 2.6550562381744385, 2.658120632171631, 2.654130697250366, 2.6467201709747314, 2.6534478664398193, 2.6606106758117676, 2.650614023208618, 2.663205146789551, 2.650373935699463, 2.655294418334961, 2.654737949371338, 2.647738218307495, 2.6482388973236084, 2.651405096054077, 2.65313458442688, 2.645820140838623, 2.64296817779541, 2.6464855670928955, 2.6512703895568848, 2.648080825805664, 2.6442008018493652, 2.6448404788970947, 2.6513724327087402, 2.6483078002929688, 2.6508610248565674, 2.638460397720337, 2.6399612426757812, 2.647581100463867, 2.6446382999420166, 2.646733045578003, 2.641367197036743, 2.6432735919952393, 2.6349189281463623, 2.6447947025299072, 2.6425297260284424, 2.637596368789673, 2.6358230113983154, 2.6394078731536865, 2.6422033309936523, 2.6397898197174072, 2.636425256729126, 2.6371283531188965, 2.634934186935425, 2.638387441635132, 2.6377525329589844, 2.6333932876586914, 2.636624336242676, 2.639389991760254, 2.6364004611968994, 2.635131359100342, 2.6410861015319824, 2.635150909423828, 2.6309070587158203, 2.6342265605926514, 2.635056734085083, 2.635845899581909, 2.631049394607544, 2.6337316036224365, 2.632490873336792, 2.6321520805358887, 2.6304256916046143, 2.631319522857666, 2.6319146156311035, 2.6333301067352295, 2.6328125, 2.6314868927001953, 2.629955530166626, 2.6308822631835938, 2.6282284259796143, 2.630225658416748, 2.627727508544922, 2.630012273788452, 2.6265950202941895, 2.6264021396636963, 2.6260015964508057, 2.627140998840332, 2.6302292346954346, 2.625974655151367, 2.627164125442505, 2.6298747062683105, 2.625126600265503, 2.627396583557129, 2.6277239322662354, 2.625913143157959, 2.6271274089813232, 2.625821113586426, 2.623218059539795, 2.624664306640625, 2.6238746643066406, 2.624910593032837, 2.6247289180755615, 2.6239614486694336, 2.622422456741333, 2.622840166091919, 2.626960515975952, 2.623368263244629, 2.6233444213867188, 2.624218463897705, 2.622474431991577, 2.621636152267456, 2.624021530151367, 2.6231935024261475, 2.6224782466888428, 2.620368719100952, 2.6232824325561523, 2.61958646774292, 2.6179490089416504, 2.6205546855926514, 2.6202118396759033, 2.6201984882354736, 2.6192853450775146, 2.620500326156616, 2.619295120239258, 2.6178512573242188, 2.618561267852783, 2.6172385215759277, 2.61650013923645, 2.616990566253662, 2.6173532009124756, 2.618053913116455, 2.6159658432006836, 2.6184473037719727, 2.6166536808013916, 2.6165175437927246, 2.6156458854675293, 2.6169841289520264, 2.6141910552978516, 2.614468812942505, 2.6168999671936035, 2.6161372661590576, 2.615630865097046, 2.6164498329162598, 2.6136720180511475, 2.6117677688598633, 2.614259719848633, 2.6121304035186768, 2.614105701446533, 2.61392879486084, 2.6127536296844482, 2.6126372814178467, 2.611938238143921, 2.6115612983703613, 2.611952543258667, 2.611473560333252, 2.6109848022460938, 2.6116063594818115, 2.6114017963409424, 2.609297275543213, 2.6111369132995605, 2.6101274490356445, 2.6111412048339844, 2.608949899673462, 2.6109530925750732, 2.6093366146087646, 2.609510660171509, 2.6086511611938477, 2.608248472213745, 2.610694408416748, 2.6075901985168457, 2.6100332736968994, 2.60650372505188, 2.6074538230895996, 2.607475996017456, 2.6064984798431396, 2.6055452823638916, 2.607686996459961, 2.6060047149658203, 2.6071834564208984, 2.6066508293151855, 2.6067330837249756, 2.606576442718506, 2.605825185775757]],