{"acc": [0.071459694989106759, 0.094989106753812641, 0.061873638344226579, 0.052723311546840956, 0.072331154684095858, 0.080610021786492375, 0.08714596949891068, 0.098474945533769065, 0.10544662309368191, 0.11154684095860566, 0.12418300653594772, 0.13376906318082787, 0.13812636165577341, 0.14422657952069717, 0.15337690631808279, 0.16078431372549021, 0.16339869281045752, 0.17254901960784313, 0.17821350762527233, 0.18605664488017429, 0.18954248366013071, 0.19738562091503267, 0.20217864923747278, 0.20305010893246186, 0.21655773420479302, 0.21307189542483659, 0.21742919389978213, 0.22657952069716775, 0.22309368191721132, 0.23572984749455339, 0.23572984749455339, 0.24270152505446624, 0.24531590413943355, 0.24793028322440086, 0.25141612200435731, 0.25185185185185183, 0.2605664488017429, 0.25359477124183005, 0.26971677559912854, 0.26579520697167758, 0.27668845315904139, 0.27189542483660128, 0.28017429193899784, 0.27973856209150327, 0.27799564270152505, 0.28278867102396515, 0.28714596949891069, 0.28366013071895424, 0.28845315904139435, 0.28888888888888886], "loss": [5.6109127416589937, 5.5337048210609456, 5.5062023987697364, 5.4198984771512428, 5.3304940543663006, 5.2512347150731973, 5.1876020994581165, 5.1389044420911336, 5.091052470072162, 5.052565057708807, 5.0185191686376767, 4.9769786313208622, 4.9466304394674196, 4.9151038865897654, 4.8908232663971143, 4.853048849417493, 4.8289872300391101, 4.8154684430373784, 4.787619417892822, 4.7668588620645025, 4.7492829011156665, 4.7319841887696379, 4.7038456449321675, 4.6971793941423003, 4.6774587856658405, 4.6585354337505267, 4.6458332491855998, 4.6306331578422997, 4.6305411332572985, 4.6140279788596956, 4.5989675105267365, 4.5901116300512239, 4.5771651922487742, 4.5660579045613607, 4.5523189573765839, 4.5442392756476639, 4.5369283283458035, 4.5315741508874501, 4.5246659283025075, 4.5210358970824931, 4.5165078942292656, 4.5108809290368574, 4.5035006034867697, 4.4929883064527658, 4.4861991357699456, 4.4679831560920267, 4.4720192898852114, 4.4576356318521606, 4.4681777260142477, 4.4529804508151054], "batch": [71, 71, 71, 71, 71, 71, 71, 71, 71, 71, 71, 71, 71, 71, 71, 71, 71, 71, 71, 71, 71, 71, 71, 71, 71, 71, 71, 71, 71, 71, 71, 71, 71, 71, 71, 71, 71, 71, 71, 71, 71, 71, 71, 71, 71, 71, 71, 71, 71, 71], "val_acc": [0.098039215686274508, 0.078431372549019607, 0.066666666666666666, 0.062745098039215685, 0.078431372549019607, 0.082352941176470587, 0.10196078431372549, 0.082352941176470587, 0.098039215686274508, 0.094117647058823528, 0.098039215686274508, 0.098039215686274508, 0.10588235294117647, 0.10588235294117647, 0.11372549019607843, 0.11764705882352941, 0.12549019607843137, 0.13333333333333333, 0.098039215686274508, 0.11764705882352941, 0.10588235294117647, 0.12941176470588237, 0.10980392156862745, 0.12156862745098039, 0.11372549019607843, 0.13725490196078433, 0.13725490196078433, 0.12549019607843137, 0.14117647058823529, 0.12156862745098039, 0.12549019607843137, 0.12156862745098039, 0.12156862745098039, 0.14509803921568629, 0.13725490196078433, 0.12549019607843137, 0.13333333333333333, 0.14901960784313725, 0.15686274509803921, 0.11764705882352941, 0.14117647058823529, 0.14509803921568629, 0.12156862745098039, 0.15686274509803921, 0.13725490196078433, 0.14509803921568629, 0.12549019607843137, 0.16078431372549021, 0.13725490196078433, 0.15294117647058825], "val_loss": [4.4914926267137716, 4.4899895780226764, 4.4506757212620158, 4.3467890945135377, 4.3116492252723839, 4.2237425486246742, 4.2388245171191645, 4.1893311369652846, 4.1247764774397311, 4.0882833733278163, 4.0536270926980409, 4.048148337532492, 4.0301991976943672, 4.0240349853740023, 3.9589835634418562, 3.9638874512092741, 3.9714574757744283, 3.9266096835042914, 3.9614061907225966, 3.9408581032472498, 3.9542499467438343, 3.9042803586698045, 3.8874929456149832, 3.884106346205169, 3.8937467229132561, 3.8935766360338997, 3.8855010257047766, 3.8784629971373317, 3.8738260783401191, 3.8442039190554151, 3.8859009078904694, 3.8585829846999227, 3.8641228535596062, 3.8614967205945185, 3.864546631831749, 3.8624961955874575, 3.8429820677813362, 3.8489397469688864, 3.8553200048558853, 3.8368367606518317, 3.8832493258457559, 3.8200579334707823, 3.8189901866164861, 3.8354854780084948, 3.8353835489235673, 3.8381928621553909, 3.8540397756239946, 3.8203531695347208, 3.8078145438549567, 3.8111708192264331], "size": [15, 15, 15, 15, 15, 15, 15, 15, 15, 15, 15, 15, 15, 15, 15, 15, 15, 15, 15, 15, 15, 15, 15, 15, 15, 15, 15, 15, 15, 15, 15, 15, 15, 15, 15, 15, 15, 15, 15, 15, 15, 15, 15, 15, 15, 15, 15, 15, 15, 15]}