{"acc": [[0.0, 0.09375, 0.125, 0.15625, 0.0625, 0.15625, 0.15625, 0.125, 0.1875, 0.09375, 0.03125, 0.1875, 0.28125, 0.0625, 0.1875, 0.15625, 0.34375, 0.1875, 0.25, 0.25, 0.15625, 0.375, 0.25, 0.25, 0.25, 0.34375, 0.28125, 0.3125, 0.40625, 0.21875, 0.25, 0.21875, 0.34375, 0.25, 0.28125, 0.21875, 0.25, 0.1875, 0.34375, 0.25, 0.21875, 0.25, 0.125, 0.375, 0.28125, 0.1875, 0.125, 0.25, 0.28125, 0.28125, 0.21875, 0.125, 0.09375, 0.25, 0.15625, 0.3125, 0.21875, 0.34375, 0.3125, 0.28125, 0.25, 0.09375, 0.28125, 0.21875, 0.375, 0.3125, 0.1875, 0.25, 0.21875, 0.15625, 0.21875, 0.1875, 0.15625, 0.25, 0.1875, 0.09375, 0.25, 0.15625, 0.21875, 0.3125, 0.125, 0.25, 0.1875, 0.1875, 0.15625, 0.09375, 0.25, 0.15625, 0.34375, 0.21875, 0.28125, 0.34375, 0.25, 0.25, 0.375, 0.34375, 0.21875, 0.21875, 0.28125, 0.1875, 0.28125, 0.21875, 0.21875, 0.21875, 0.28125, 0.3125, 0.1875, 0.21875, 0.28125, 0.15625, 0.34375, 0.28125, 0.25, 0.1875, 0.09375, 0.3125, 0.15625, 0.3125, 0.15625, 0.40625, 0.25, 0.3125, 0.1875, 0.21875, 0.3125, 0.28125, 0.1875, 0.15625, 0.15625, 0.09375, 0.1875, 0.09375, 0.125, 0.15625, 0.375, 0.3125, 0.40625, 0.3125, 0.25, 0.1875, 0.1875, 0.28125, 0.3125, 0.15625, 0.1875, 0.25, 0.28125, 0.15625, 0.25, 0.34375, 0.375, 0.15625, 0.25, 0.34375, 0.4375, 0.1875, 0.4375, 0.34375, 0.28125, 0.375, 0.21875, 0.28125, 0.46875, 0.1875, 0.28125, 0.28125, 0.25, 0.34375, 0.21875, 0.3125, 0.1875, 0.25, 0.34375, 0.375, 0.4375, 0.34375, 0.28125, 0.28125, 0.46875, 0.3125, 0.1875, 0.1875, 0.3125, 0.1875, 0.25, 0.3125, 0.375, 0.25, 0.1875, 0.25, 0.25, 0.28125, 0.21875, 0.1875, 0.125, 0.25, 0.28125, 0.125, 0.1875, 0.4375, 0.125, 0.21875, 0.125, 0.21875, 0.21875, 0.375, 0.25, 0.34375, 0.3125, 0.375, 0.21875, 0.1875, 0.28125, 0.3125, 0.15625, 0.34375, 0.34375, 0.3125, 0.375, 0.25, 0.3125, 0.375, 0.21875, 0.1875, 0.125, 0.125, 0.28125, 0.3125, 0.25, 0.34375, 0.21875, 0.3125, 0.28125, 0.40625, 0.1875, 0.5, 0.25, 0.40625, 0.15625, 0.3125, 0.25, 0.34375, 0.40625, 0.28125, 0.4375, 0.28125, 0.15625, 0.28125, 0.1875, 0.3125, 0.125, 0.3125, 0.3125, 0.1875, 0.25, 0.1875, 0.40625, 0.3125, 0.21875, 0.375, 0.25, 0.21875, 0.25, 0.375, 0.21875, 0.21875, 0.25, 0.28125, 0.25, 0.40625, 0.25, 0.34375, 0.375, 0.1875, 0.21875, 0.3125, 0.5714285714285714]], "loss": [[5.687066078186035, 5.669978141784668, 5.625077247619629, 5.570034503936768, 5.510824203491211, 5.472951889038086, 5.5355916023254395, 5.47987174987793, 5.277458190917969, 5.294665336608887, 5.515194416046143, 5.358937740325928, 4.9701080322265625, 5.579650402069092, 5.308377742767334, 5.345342636108398, 5.045599937438965, 5.464003562927246, 5.153863430023193, 5.179772853851318, 5.337594985961914, 4.9670209884643555, 5.081916332244873, 5.150676250457764, 5.223751544952393, 5.218496799468994, 4.9524359703063965, 5.050755977630615, 4.967837810516357, 5.048295021057129, 5.331197738647461, 5.044920921325684, 5.035289764404297, 5.120943069458008, 5.205918312072754, 5.302474498748779, 5.086490631103516, 5.2832112312316895, 4.760718822479248, 5.415961742401123, 5.154344081878662, 5.264929294586182, 5.474925994873047, 4.766333103179932, 5.058352470397949, 5.49567174911499, 5.436984539031982, 5.314481258392334, 5.4485297203063965, 5.345926284790039, 5.361397743225098, 5.395609378814697, 5.56016731262207, 5.264113903045654, 5.477084636688232, 5.254604816436768, 5.124678611755371, 4.9498066902160645, 5.053207874298096, 4.869028091430664, 5.094528675079346, 5.6473774909973145, 4.713521480560303, 5.306439399719238, 4.956766605377197, 5.483358383178711, 5.18020486831665, 5.198303699493408, 5.2816667556762695, 5.177305221557617, 5.271894931793213, 5.250097751617432, 5.284762859344482, 5.0675859451293945, 4.9676079750061035, 5.533888339996338, 5.181135654449463, 5.360441207885742, 5.31395149230957, 4.896999835968018, 5.253751277923584, 5.110251426696777, 5.23516321182251, 5.293066501617432, 5.132043838500977, 5.303883075714111, 4.735414028167725, 5.322894096374512, 5.13839054107666, 5.359068393707275, 4.814120292663574, 4.805361747741699, 5.0035200119018555, 5.023071765899658, 4.888309478759766, 4.867927074432373, 4.96071720123291, 5.228842258453369, 5.035417079925537, 5.33465051651001, 4.613818168640137, 5.141430854797363, 4.961391448974609, 5.173956394195557, 5.155086040496826, 4.837052345275879, 5.042903900146484, 4.857309341430664, 4.881190776824951, 5.460209846496582, 4.723040580749512, 4.876572608947754, 5.276625156402588, 5.156155586242676, 5.513477325439453, 4.8560471534729, 5.226934909820557, 4.756950378417969, 5.233251571655273, 4.499338626861572, 5.092010498046875, 4.93613338470459, 5.039479732513428, 4.802501678466797, 4.627707004547119, 5.032559394836426, 5.158814430236816, 4.985177993774414, 5.1141743659973145, 5.483858108520508, 4.998948574066162, 5.402164459228516, 5.202935218811035, 5.520542144775391, 4.702453136444092, 4.679623603820801, 4.485838413238525, 4.82785177230835, 4.8357110023498535, 5.0005269050598145, 5.047675132751465, 4.727139949798584, 4.615118503570557, 4.9819655418396, 4.905879974365234, 4.961946487426758, 5.026744365692139, 5.065518856048584, 4.846921920776367, 4.790011882781982, 4.6697893142700195, 5.060665130615234, 5.264862060546875, 4.797542095184326, 4.581409931182861, 5.112100601196289, 4.420897006988525, 4.362834453582764, 5.033075332641602, 4.448213577270508, 5.148645877838135, 4.600534915924072, 4.269370079040527, 4.907930374145508, 4.883970260620117, 4.833617687225342, 4.806109428405762, 4.377514362335205, 5.185314178466797, 4.479398727416992, 5.164758205413818, 5.012688159942627, 4.863992214202881, 4.605164051055908, 4.384318828582764, 4.651778697967529, 4.809893608093262, 4.768942832946777, 4.193196773529053, 4.671457290649414, 4.596357822418213, 5.087718963623047, 4.6782307624816895, 5.218400478363037, 4.991900444030762, 4.715785980224609, 4.45435094833374, 4.895435333251953, 5.11159086227417, 4.942112445831299, 4.954209804534912, 4.965173244476318, 4.702573299407959, 5.090457916259766, 5.191659450531006, 5.1135735511779785, 4.599555969238281, 5.123161315917969, 4.929786682128906, 4.484508514404297, 5.300568103790283, 5.222126483917236, 5.301476001739502, 4.708475112915039, 4.892975807189941, 4.619246482849121, 5.076559066772461, 4.312068939208984, 4.893840312957764, 4.336315631866455, 5.027377128601074, 5.062497138977051, 4.5561041831970215, 4.577551364898682, 5.031741619110107, 4.599396705627441, 4.623414516448975, 4.462181568145752, 4.482564926147461, 4.880319118499756, 4.454387187957764, 4.306097030639648, 5.457079887390137, 5.071091651916504, 5.162662982940674, 5.484268665313721, 4.681318759918213, 4.67255973815918, 4.991548538208008, 4.453649520874023, 5.0340423583984375, 4.467306613922119, 4.572546005249023, 4.1169657707214355, 4.913050651550293, 3.776376485824585, 4.803194999694824, 4.340575695037842, 5.150440216064453, 4.468965530395508, 4.711123943328857, 4.5388617515563965, 4.373645782470703, 4.699967861175537, 4.132801055908203, 4.463000297546387, 5.12300443649292, 4.461643218994141, 5.0634660720825195, 4.594842910766602, 5.133880615234375, 4.400253772735596, 4.296639919281006, 5.058067321777344, 4.834832191467285, 5.050510406494141, 4.212467670440674, 4.565554618835449, 4.8530049324035645, 4.333303928375244, 4.700253009796143, 4.729249477386475, 4.692311763763428, 4.35966682434082, 4.864548683166504, 4.811917304992676, 4.760222911834717, 4.5810956954956055, 4.831836223602295, 4.345393180847168, 4.732675075531006, 4.342118263244629, 4.2861857414245605, 4.828343868255615, 4.78387451171875, 4.599600791931152, 3.399829387664795]],