{"acc": [0.92044999999999999, 0.96728333333333338, 0.97363333333333335, 0.97645000000000004, 0.97889999999999999, 0.98036666666666672, 0.9811333333333333, 0.98204999999999998, 0.98291666666666666, 0.98329999999999995, 0.9839, 0.98416666666666663, 0.98429999999999995, 0.98491666666666666, 0.98493333333333333, 0.98531666666666662, 0.98563333333333336, 0.98588333333333333, 0.98611666666666664, 0.98591666666666666], "loss": [0.27593115665763618, 0.11764391539245844, 0.093918651779182252, 0.082958696444518865, 0.075795741406269365, 0.070906873418949551, 0.067477280825376504, 0.064322778323199603, 0.062266861859243364, 0.060489283022005111, 0.058779980062972755, 0.057464846197981388, 0.056332508183317261, 0.055221729241544379, 0.054364195387810468, 0.053592622829601172, 0.052668086550664156, 0.051983360971324145, 0.051315544780809436, 0.050724764261394738], "batch": [499, 499, 499, 499, 499, 499, 499, 499, 499, 499, 499, 499, 499, 499, 499, 499, 499, 499, 499, 499], "val_acc": [0.96309999999999996, 0.97440000000000004, 0.97889999999999999, 0.97860000000000003, 0.98060000000000003, 0.9819, 0.98180000000000001, 0.98250000000000004, 0.98240000000000005, 0.98340000000000005, 0.98340000000000005, 0.98429999999999995, 0.98360000000000003, 0.98340000000000005, 0.98380000000000001, 0.98460000000000003, 0.98460000000000003, 0.98480000000000001, 0.98409999999999997, 0.98440000000000005], "val_loss": [0.13152539568021893, 0.094615241340361533, 0.077996322633698587, 0.072758899362990639, 0.067830265569966283, 0.064268196393037214, 0.062836705053690822, 0.059777573687490079, 0.058659509152639656, 0.056535905257565904, 0.055907172839739359, 0.05437656967958901, 0.053340539423981682, 0.052929932446801102, 0.052732689915108495, 0.052329196545295414, 0.051524064663331953, 0.050846163426176642, 0.051206744388793593, 0.050433523203129882], "size": [60, 60, 60, 60, 60, 60, 60, 60, 60, 60, 60, 60, 60, 60, 60, 60, 60, 60, 60, 60]}