{"acc": [0.27149894440534833], "loss": [4.73906164551855], "batch": [88], "val_acc": [0.05], "val_loss": [4.508057117462158], "size": [39]}