{"acc": [0.014379084967320261, 0.023093681917211329, 0.02570806100217865, 0.035294117647058823, 0.048366013071895426, 0.068409586056644878, 0.082352941176470587, 0.096732026143790853, 0.10457516339869281, 0.13246187363834422, 0.12418300653594772, 0.14291938997821352, 0.15816993464052287, 0.16122004357298475, 0.17124183006535948, 0.18605664488017429, 0.19694989106753813, 0.20435729847494552, 0.22004357298474944, 0.22222222222222221, 0.23093681917211328, 0.24488017429193901, 0.24618736383442266, 0.25533769063180828, 0.2814814814814815, 0.26710239651416123, 0.3002178649237473, 0.30283224400871461, 0.31808278867102396, 0.32156862745098042, 0.33681917211328977, 0.34422657952069718, 0.36165577342047928, 0.36383442265795207, 0.36514161220043573, 0.3773420479302832, 0.39172113289760346, 0.40130718954248368, 0.41045751633986927, 0.44575163398692813, 0.42178649237472765, 0.46013071895424834, 0.45010893246187361, 0.46884531590413941, 0.45882352941176469, 0.47973856209150328, 0.49934640522875817, 0.51459694989106752, 0.4906318082788671, 0.52069716775599129], "loss": [5.9815530579593963, 5.6465162102693043, 5.5965607798956576, 5.5172440634833446, 5.4312875390312509, 5.3239156297089485, 5.2231710810027607, 5.1102965836950895, 5.0140662538200163, 4.8754736279090762, 4.8196661641654881, 4.7556418730542553, 4.6972241358040208, 4.6205135272738724, 4.5388054022861724, 4.5263221742800379, 4.3964263828751307, 4.3174550062690686, 4.297157902603316, 4.2144118838840061, 4.1823825904746457, 4.0979053518091675, 4.0921431954909515, 3.9803406715393068, 3.9305786397722033, 3.9078267878696549, 3.7897473630302612, 3.7473728672351712, 3.6966389446216992, 3.6467204455456703, 3.5690045431548474, 3.5200330795545725, 3.4946713042415047, 3.4578524044136594, 3.3815152898593146, 3.3177011953200131, 3.2940485563672963, 3.2165305981189336, 3.1903271107891804, 3.0662409803186885, 3.1182529763198885, 3.0227812868837178, 3.0065821458571356, 2.9324183823496166, 2.9355174046975594, 2.8978070223772967, 2.7756517121474986, 2.7635060324907821, 2.7834718809148584, 2.7016426573651549], "batch": [35, 35, 35, 35, 35, 35, 35, 35, 35, 35, 35, 35, 35, 35, 35, 35, 35, 35, 35, 35, 35, 35, 35, 35, 35, 35, 35, 35, 35, 35, 35, 35, 35, 35, 35, 35, 35, 35, 35, 35, 35, 35, 35, 35, 35, 35, 35, 35, 35, 35], "val_acc": [0.0078431372549019607, 0.035294117647058823, 0.039215686274509803, 0.062745098039215685, 0.098039215686274508, 0.078431372549019607, 0.090196078431372548, 0.11764705882352941, 0.12941176470588237, 0.11764705882352941, 0.14509803921568629, 0.16078431372549021, 0.18431372549019609, 0.17254901960784313, 0.19607843137254902, 0.1803921568627451, 0.18431372549019609, 0.21568627450980393, 0.21568627450980393, 0.22745098039215686, 0.23529411764705882, 0.23529411764705882, 0.23137254901960785, 0.23529411764705882, 0.22745098039215686, 0.24313725490196078, 0.23921568627450981, 0.23137254901960785, 0.23529411764705882, 0.23921568627450981, 0.24313725490196078, 0.23137254901960785, 0.23529411764705882, 0.23529411764705882, 0.24705882352941178, 0.2627450980392157, 0.23921568627450981, 0.24705882352941178, 0.24313725490196078, 0.24705882352941178, 0.24313725490196078, 0.23921568627450981, 0.2627450980392157, 0.25098039215686274, 0.24705882352941178, 0.23529411764705882, 0.23137254901960785, 0.25882352941176473, 0.29019607843137257, 0.24313725490196078], "val_loss": [4.6145181244494866, 4.5987738702811445, 4.5704200688530419, 4.5174899026459334, 4.4577163733688057, 4.395341832030053, 4.3211810037201523, 4.2465012344659545, 4.1700699076933017, 4.1349171171001355, 4.0813282573924345, 3.9997508796991088, 3.9776527423484653, 3.9443542050380334, 3.867244063171686, 3.8555100179186055, 3.8159135846530692, 3.7685449310377535, 3.741753532372269, 3.6631514951294544, 3.6419174418729896, 3.6067356997845219, 3.6390727819180957, 3.612160702312694, 3.5748870989855597, 3.5287857551200719, 3.5059161896799127, 3.4640419174643124, 3.4259846444223441, 3.4525205238192691, 3.4159734043420529, 3.3994938448363659, 3.3837525077894623, 3.3761062023686428, 3.3987045493780399, 3.3982302413267247, 3.4033439028496835, 3.3903168388441496, 3.400037935668347, 3.4139004370745489, 3.3502829383401309, 3.3724332108217125, 3.3502600062127206, 3.4139009344811533, 3.3922861622829061, 3.3947269374249029, 3.4391316890716555, 3.4251120847814223, 3.3642418889438406, 3.409702282325894], "size": [31, 31, 31, 31, 31, 31, 31, 31, 31, 31, 31, 31, 31, 31, 31, 31, 31, 31, 31, 31, 31, 31, 31, 31, 31, 31, 31, 31, 31, 31, 31, 31, 31, 31, 31, 31, 31, 31, 31, 31, 31, 31, 31, 31, 31, 31, 31, 31, 31, 31]}