{"acc": [0.011764705882352941, 0.028322440087145968, 0.030065359477124184, 0.058387799564270156, 0.093246187363834429, 0.11808278867102397, 0.14074074074074075, 0.17821350762527233, 0.19302832244008714, 0.22309368191721132, 0.24836601307189543, 0.26623093681917209, 0.29847494553376908, 0.31982570806100219, 0.34074074074074073, 0.36034858387799562, 0.40305010893246185, 0.41568627450980394, 0.43877995642701523, 0.48104575163398694, 0.51416122004357301, 0.53638344226579515, 0.56470588235294117, 0.57385620915032676, 0.6122004357298475, 0.62875816993464051, 0.64095860566448803, 0.67407407407407405, 0.69498910675381265, 0.71241830065359479, 0.71764705882352942, 0.74117647058823533, 0.76775599128540306, 0.76470588235294112, 0.77167755991285403, 0.8013071895424837, 0.80392156862745101, 0.8152505446623094, 0.81873638344226585, 0.81830065359477122, 0.83050108932461875, 0.84749455337690627, 0.84923747276688455, 0.85185185185185186, 0.85359477124183003, 0.87102396514161218, 0.86753812636165573, 0.87494553376906314, 0.87799564270152508, 0.8854030501089325], "loss": [6.2086471002865462, 5.6315506706570231, 5.5470280229655744, 5.4018563524050913, 5.243623694251565, 5.0753157262448907, 4.8925773477242664, 4.683280007979449, 4.5686441741477948, 4.3984914135569317, 4.2349082493833983, 4.1223496678088489, 4.0134081645209285, 3.8423914639258956, 3.7265984274463198, 3.5798699356112347, 3.4151954699705369, 3.302758803918211, 3.2102126463306235, 3.0384686850254834, 2.9032263740215427, 2.8085612837265779, 2.7155836362984185, 2.6526941965348318, 2.4595216707466476, 2.3707932515861163, 2.3392016075275563, 2.2701072414456371, 2.1421818017440164, 2.1161240921041284, 2.0382914597172621, 1.9692363015966479, 1.9017975832122602, 1.8517163991408669, 1.8399551733906232, 1.7655257368918857, 1.7492973854858631, 1.6861862393505953, 1.6695504399426362, 1.6488007161092655, 1.6515630499729663, 1.5761577084173564, 1.5490672366551583, 1.5281765526416256, 1.534590448533268, 1.468179784828801, 1.4962554870347831, 1.4700656357414064, 1.4536508560700094, 1.4281731034675715], "batch": [35, 35, 35, 35, 35, 35, 35, 35, 35, 35, 35, 35, 35, 35, 35, 35, 35, 35, 35, 35, 35, 35, 35, 35, 35, 35, 35, 35, 35, 35, 35, 35, 35, 35, 35, 35, 35, 35, 35, 35, 35, 35, 35, 35, 35, 35, 35, 35, 35, 35], "val_acc": [0.019607843137254902, 0.039215686274509803, 0.050980392156862744, 0.094117647058823528, 0.12549019607843137, 0.14901960784313725, 0.20000000000000001, 0.22352941176470589, 0.23137254901960785, 0.25098039215686274, 0.25490196078431371, 0.26666666666666666, 0.29019607843137257, 0.29803921568627451, 0.30980392156862746, 0.29019607843137257, 0.28627450980392155, 0.30980392156862746, 0.29803921568627451, 0.29411764705882354, 0.28627450980392155, 0.29019607843137257, 0.30980392156862746, 0.30588235294117649, 0.30588235294117649, 0.31764705882352939, 0.31372549019607843, 0.31764705882352939, 0.34509803921568627, 0.32549019607843138, 0.32156862745098042, 0.30980392156862746, 0.31372549019607843, 0.32156862745098042, 0.30980392156862746, 0.30980392156862746, 0.30980392156862746, 0.31764705882352939, 0.33333333333333331, 0.32156862745098042, 0.30980392156862746, 0.30980392156862746, 0.32156862745098042, 0.31764705882352939, 0.32941176470588235, 0.30980392156862746, 0.31764705882352939, 0.30980392156862746, 0.31372549019607843, 0.30980392156862746], "val_loss": [4.6111985543194942, 4.5821248839883246, 4.5126660403083356, 4.3894589517630784, 4.2481255176020607, 4.1535261546864231, 3.9968431968314975, 3.8929889557408353, 3.7574907536600151, 3.686759916941325, 3.5339916771533444, 3.5286085942212275, 3.3788081702064066, 3.3881013225106633, 3.2955549249462055, 3.2473299802518358, 3.1748071146946328, 3.1624299077426685, 3.107263432297052, 3.0887569146997786, 3.0961093584696453, 3.078288334491206, 3.0997069835662843, 3.0204549209744322, 3.054224680919273, 3.108856553657382, 3.1247670323240992, 3.124415110606773, 3.1124010488098741, 3.1333216760672773, 3.1394665119694727, 3.2023306846618653, 3.2511535345339309, 3.2074981633354636, 3.3200528275732899, 3.304299466750201, 3.3682246825274298, 3.4004808575499292, 3.3883614502701103, 3.3207260851766547, 3.4612427776935055, 3.5066447192547368, 3.473252244089164, 3.4770938751744289, 3.457650296828326, 3.5955685232199874, 3.5933311051013423, 3.5365504807116936, 3.5524247880075492, 3.715795591765759], "size": [31, 31, 31, 31, 31, 31, 31, 31, 31, 31, 31, 31, 31, 31, 31, 31, 31, 31, 31, 31, 31, 31, 31, 31, 31, 31, 31, 31, 31, 31, 31, 31, 31, 31, 31, 31, 31, 31, 31, 31, 31, 31, 31, 31, 31, 31, 31, 31, 31, 31]}