{"acc": [0.25535801266439356], "loss": [4.548627020728571], "batch": [1539], "val_acc": [0.041666666666666664], "val_loss": [4.1128249168396], "size": [31]}