{"acc": [0.29648333333333332, 0.62624999999999997, 0.78290000000000004, 0.84596666666666664, 0.87036666666666662, 0.88129999999999997, 0.8884333333333333, 0.89315, 0.89713333333333334, 0.90029999999999999, 0.90408333333333335, 0.90554999999999997, 0.90781666666666672, 0.90848333333333331, 0.91071666666666662, 0.91103333333333336, 0.91243333333333332, 0.9143, 0.91491666666666671, 0.9160666666666667, 0.91721666666666668, 0.91735, 0.91923333333333335, 0.91879999999999995, 0.92083333333333328, 0.92154999999999998, 0.92174999999999996, 0.92258333333333331, 0.92284999999999995, 0.92501666666666671, 0.92603333333333337, 0.92548333333333332, 0.92726666666666668, 0.92820000000000003, 0.92920000000000003, 0.93083333333333329, 0.93106666666666671, 0.93243333333333334, 0.93253333333333333, 0.93458333333333332, 0.93545, 0.9355, 0.93513333333333337, 0.93774999999999997, 0.9371666666666667, 0.93796666666666662, 0.9387833333333333, 0.94059999999999999, 0.9408333333333333, 0.94031666666666669], "loss": [2.239604294538498, 1.9396738919019698, 1.4613123490810394, 1.0231424493789674, 0.75348771935701375, 0.60540443426370616, 0.51917238339781757, 0.46422182926535605, 0.42754522156715391, 0.40145366491377354, 0.38217764753103256, 0.36622734914720056, 0.3538375601321459, 0.34366533552110196, 0.33393983199447391, 0.32764505331218241, 0.32112333565205337, 0.31401121371239421, 0.30890664142370222, 0.30404921076446773, 0.29901925982534883, 0.29636921036243441, 0.28951848240941763, 0.28813027964532373, 0.28455019214749339, 0.27907231005281208, 0.27665357840806248, 0.27277782941609618, 0.27096182785928247, 0.2651450243741274, 0.26203170625865457, 0.26011020105332139, 0.25494619231298565, 0.25227654494345186, 0.24829157231003046, 0.24568911002576352, 0.24127155723422766, 0.23742857963591815, 0.23521643928810954, 0.22919727088510991, 0.22744047634303569, 0.22338240706920623, 0.22172618889436127, 0.21889941308274866, 0.21796535332500935, 0.21458099166676403, 0.21157321952283381, 0.20701382126659154, 0.20552369244024157, 0.20502901263535023], "batch": [499, 499, 499, 499, 499, 499, 499, 499, 499, 499, 499, 499, 499, 499, 499, 499, 499, 499, 499, 499, 499, 499, 499, 499, 499, 499, 499, 499, 499, 499, 499, 499, 499, 499, 499, 499, 499, 499, 499, 499, 499, 499, 499, 499, 499, 499, 499, 499, 499, 499], "val_acc": [0.53549999999999998, 0.75239999999999996, 0.84370000000000001, 0.87939999999999996, 0.89019999999999999, 0.89739999999999998, 0.90310000000000001, 0.90510000000000002, 0.90900000000000003, 0.91290000000000004, 0.91379999999999995, 0.91539999999999999, 0.91830000000000001, 0.91639999999999999, 0.9173, 0.91869999999999996, 0.92059999999999997, 0.92159999999999997, 0.92100000000000004, 0.92149999999999999, 0.9234, 0.9234, 0.92269999999999996, 0.92359999999999998, 0.92379999999999995, 0.92420000000000002, 0.92430000000000001, 0.92449999999999999, 0.92469999999999997, 0.92500000000000004, 0.92669999999999997, 0.92689999999999995, 0.9254, 0.92889999999999995, 0.92920000000000003, 0.92849999999999999, 0.93069999999999997, 0.93059999999999998, 0.93189999999999995, 0.92949999999999999, 0.93100000000000005, 0.93220000000000003, 0.93310000000000004, 0.93289999999999995, 0.93230000000000002, 0.93400000000000005, 0.93479999999999996, 0.9355, 0.9345, 0.93669999999999998], "val_loss": [2.1225151505470277, 1.7040885083675386, 1.1926613997220994, 0.83016708445549015, 0.63183145445585254, 0.51928449276089672, 0.45217931109666826, 0.41154623600840567, 0.38371757113933563, 0.35981162509322168, 0.34577109864354133, 0.33308013421297072, 0.32226509460061786, 0.31341575897485019, 0.30816285376250746, 0.30292380370199679, 0.29622550433874129, 0.29375636268407107, 0.28894432470947506, 0.28393496586382388, 0.2812514464482665, 0.28069571494311096, 0.27642641209065916, 0.27350917106866834, 0.27146650487557056, 0.26903028578311206, 0.26488358788937333, 0.26643007137626412, 0.26386412752419708, 0.2608180158995092, 0.25552264325320723, 0.2528708969838917, 0.25437910050898788, 0.24562540204077959, 0.24469339334592224, 0.24746618034690618, 0.23972061529383062, 0.23757742563635112, 0.23626187976822258, 0.23485178911313415, 0.23221824854239823, 0.23018005859479307, 0.22967076453939081, 0.22707176276668906, 0.22526829257234932, 0.22232558921165765, 0.22248073570244015, 0.22082560369372367, 0.21769643524661661, 0.21624849284999073], "size": [60, 60, 60, 60, 60, 60, 60, 60, 60, 60, 60, 60, 60, 60, 60, 60, 60, 60, 60, 60, 60, 60, 60, 60, 60, 60, 60, 60, 60, 60, 60, 60, 60, 60, 60, 60, 60, 60, 60, 60, 60, 60, 60, 60, 60, 60, 60, 60, 60, 60]}