{"acc": [[0.0, 0.0, 0.0, 0.046875, 0.078125, 0.015625, 0.15625, 0.1875, 0.328125, 0.203125, 0.234375, 0.3125, 0.25, 0.21875, 0.296875, 0.234375, 0.359375, 0.203125, 0.328125, 0.34375, 0.3125, 0.4375, 0.421875, 0.28125, 0.40625, 0.390625, 0.328125, 0.234375, 0.34375, 0.359375, 0.28125, 0.1875, 0.296875, 0.203125, 0.28125, 0.265625, 0.1875, 0.25, 0.34375, 0.390625, 0.296875, 0.3125, 0.296875, 0.296875, 0.375, 0.3125, 0.3125, 0.3125, 0.265625, 0.328125, 0.328125, 0.328125, 0.28125, 0.296875, 0.140625, 0.390625, 0.296875, 0.421875, 0.328125, 0.296875, 0.375, 0.21875, 0.234375, 0.328125, 0.265625, 0.296875, 0.21875, 0.296875, 0.3125, 0.34375, 0.234375, 0.203125, 0.296875, 0.34375, 0.3125, 0.328125, 0.34375, 0.34375, 0.359375, 0.25, 0.359375, 0.21875, 0.28125, 0.328125, 0.234375, 0.421875, 0.28125, 0.328125, 0.328125, 0.328125, 0.265625, 0.265625, 0.28125, 0.375, 0.3125, 0.3125, 0.265625, 0.296875, 0.359375, 0.40625, 0.3125, 0.28125, 0.328125, 0.265625, 0.34375, 0.234375, 0.28125, 0.2727272727272727], [0.265625, 0.359375, 0.265625, 0.296875, 0.28125, 0.46875, 0.296875, 0.28125, 0.28125, 0.328125, 0.421875, 0.375, 0.21875, 0.359375, 0.265625, 0.3125, 0.359375, 0.40625, 0.296875, 0.1875, 0.28125, 0.359375, 0.234375, 0.25, 0.34375, 0.34375, 0.3125, 0.265625, 0.265625, 0.390625, 0.296875, 0.265625, 0.328125, 0.375, 0.375, 0.265625, 0.3125, 0.34375, 0.40625, 0.328125, 0.328125, 0.40625, 0.34375, 0.34375, 0.296875, 0.375, 0.34375, 0.21875, 0.34375, 0.328125, 0.484375, 0.359375, 0.34375, 0.421875, 0.390625, 0.375, 0.328125, 0.34375, 0.328125, 0.359375, 0.296875, 0.453125, 0.40625, 0.328125, 0.4375, 0.421875, 0.375, 0.34375, 0.3125, 0.375, 0.421875, 0.4375, 0.375, 0.40625, 0.234375, 0.375, 0.453125, 0.34375, 0.46875, 0.34375, 0.34375, 0.34375, 0.4375, 0.40625, 0.375, 0.359375, 0.390625, 0.546875, 0.375, 0.296875, 0.359375, 0.34375, 0.484375, 0.5, 0.421875, 0.34375, 0.375, 0.5, 0.5625, 0.421875, 0.40625, 0.5, 0.46875, 0.265625, 0.4375, 0.375, 0.375, 0.36363636363636365]], "loss": [[5.03281831741333, 5.03577184677124, 5.027524471282959, 5.020295143127441, 5.015628337860107, 5.016068458557129, 5.007297039031982, 4.9986138343811035, 4.976217746734619, 4.995851039886475, 4.977884292602539, 4.963923454284668, 4.974817276000977, 4.963547706604004, 4.952141284942627, 4.955251216888428, 4.927158832550049, 4.9536943435668945, 4.921809673309326, 4.886086463928223, 4.905519485473633, 4.846992492675781, 4.859382152557373, 4.886346340179443, 4.835315227508545, 4.821532726287842, 4.83343505859375, 4.877302169799805, 4.7965545654296875, 4.794330596923828, 4.806212902069092, 4.869465351104736, 4.777838706970215, 4.817837715148926, 4.768934726715088, 4.7402143478393555, 4.8122944831848145, 4.734706878662109, 4.674382209777832, 4.646310806274414, 4.687027454376221, 4.611575126647949, 4.636242389678955, 4.591308116912842, 4.579167366027832, 4.561125755310059, 4.583658218383789, 4.522250175476074, 4.618062973022461, 4.497175693511963, 4.440799236297607, 4.470593452453613, 4.4964985847473145, 4.487610816955566, 4.688506126403809, 4.255064010620117, 4.420114040374756, 4.173105239868164, 4.312722682952881, 4.265298366546631, 4.192675590515137, 4.546441555023193, 4.429192543029785, 4.1614251136779785, 4.272719860076904, 4.149886608123779, 4.301328659057617, 4.196600914001465, 4.117099285125732, 4.015318393707275, 4.271332740783691, 4.291698455810547, 4.019992828369141, 3.915719985961914, 3.935290575027466, 3.9665944576263428, 3.8539841175079346, 3.950902223587036, 3.8338422775268555, 4.161512851715088, 3.828139543533325, 4.170682430267334, 3.9932773113250732, 3.8432514667510986, 4.093851566314697, 3.534632444381714, 3.9438672065734863, 3.7545828819274902, 3.7655210494995117, 3.860435962677002, 4.005477428436279, 3.8915491104125977, 4.09401273727417, 3.4372053146362305, 3.8070435523986816, 3.626274824142456, 3.8190393447875977, 3.6545610427856445, 3.5681440830230713, 3.516733169555664, 3.6888766288757324, 3.8926279544830322, 3.6492300033569336, 3.8423757553100586, 3.6258163452148438, 3.9699056148529053, 3.756593942642212, 3.6307156085968018], [3.77746319770813, 3.466949701309204, 3.7079477310180664, 3.7465505599975586, 3.658766508102417, 3.0468597412109375, 3.8324365615844727, 3.743513345718384, 3.7250046730041504, 3.601755142211914, 3.1929922103881836, 3.3689489364624023, 4.017727851867676, 3.376347064971924, 3.6921863555908203, 3.5491366386413574, 3.4024438858032227, 3.237971305847168, 3.5299501419067383, 4.0561909675598145, 3.658831834793091, 3.285813093185425, 3.830110549926758, 3.7310996055603027, 3.48461651802063, 3.4623661041259766, 3.634936809539795, 3.750293731689453, 3.6292271614074707, 3.3451883792877197, 3.567338705062866, 3.5980818271636963, 3.5608088970184326, 3.247924566268921, 3.2832610607147217, 3.6749212741851807, 3.5789601802825928, 3.305976390838623, 3.236077070236206, 3.47066330909729, 3.414260149002075, 3.244723081588745, 3.4568419456481934, 3.2433736324310303, 3.426959991455078, 3.2501885890960693, 3.466128349304199, 3.8155996799468994, 3.358926296234131, 3.4900968074798584, 2.8179352283477783, 3.4631264209747314, 3.419602394104004, 3.0745491981506348, 3.290663003921509, 3.2118334770202637, 3.425110340118408, 3.4223456382751465, 3.5085012912750244, 3.236177444458008, 3.4733264446258545, 2.9371659755706787, 3.172421455383301, 3.5078682899475098, 2.993431329727173, 3.2099409103393555, 3.2218737602233887, 3.4824719429016113, 3.5259463787078857, 3.1951677799224854, 3.341658115386963, 3.0214552879333496, 3.3763675689697266, 3.319058895111084, 3.670015335083008, 3.2233386039733887, 3.0316691398620605, 3.2330663204193115, 2.790919303894043, 3.3251826763153076, 3.4072768688201904, 3.3460261821746826, 3.1128337383270264, 3.043182134628296, 3.2104249000549316, 3.2101385593414307, 3.239941120147705, 2.5696914196014404, 3.164036750793457, 3.4717025756835938, 3.2460169792175293, 3.4746785163879395, 2.9411089420318604, 2.9549150466918945, 2.982478618621826, 3.4062674045562744, 3.158923864364624, 2.792646646499634, 2.675626754760742, 3.0190792083740234, 2.9568846225738525, 2.672769546508789, 2.81050443649292, 3.4834821224212646, 3.0787434577941895, 3.4116580486297607, 3.153611421585083, 3.31268310546875]], "test_acc": [[0.265625, 0.390625, 0.359375, 0.453125, 0.375, 0.296875, 0.34375, 0.4107142857142857]], "val_size": [[64, 64, 64, 64, 64, 64, 64, 64, 64, 64, 64, 64, 64, 64, 64, 64, 64, 64, 64, 64, 64, 64, 64, 64, 64, 64, 64, 43], [64, 64, 64, 64, 64, 64, 64, 64, 64, 64, 64, 64, 64, 64, 64, 64, 64, 64, 64, 64, 64, 64, 64, 64, 64, 64, 64, 43]], "batch": [[0, 1, 2, 3, 4, 5, 6, 7, 8, 9, 10, 11, 12, 13, 14, 15, 16, 17, 18, 19, 20, 21, 22, 23, 24, 25, 26, 27, 28, 29, 30, 31, 32, 33, 34, 35, 36, 37, 38, 39, 40, 41, 42, 43, 44, 45, 46, 47, 48, 49, 50, 51, 52, 53, 54, 55, 56, 57, 58, 59, 60, 61, 62, 63, 64, 65, 66, 67, 68, 69, 70, 71, 72, 73, 74, 75, 76, 77, 78, 79, 80, 81, 82, 83, 84, 85, 86, 87, 88, 89, 90, 91, 92, 93, 94, 95, 96, 97, 98, 99, 100, 101, 102, 103, 104, 105, 106, 107], [0, 1, 2, 3, 4, 5, 6, 7, 8, 9, 10, 11, 12, 13, 14, 15, 16, 17, 18, 19, 20, 21, 22, 23, 24, 25, 26, 27, 28, 29, 30, 31, 32, 33, 34, 35, 36, 37, 38, 39, 40, 41, 42, 43, 44, 45, 46, 47, 48, 49, 50, 51, 52, 53, 54, 55, 56, 57, 58, 59, 60, 61, 62, 63, 64, 65, 66, 67, 68, 69, 70, 71, 72, 73, 74, 75, 76, 77, 78, 79, 80, 81, 82, 83, 84, 85, 86, 87, 88, 89, 90, 91, 92, 93, 94, 95, 96, 97, 98, 99, 100, 101, 102, 103, 104, 105, 106, 107]], "val_acc": [[0.28125, 0.296875, 0.203125, 0.265625, 0.421875, 0.265625, 0.28125, 0.28125, 0.328125, 0.375, 0.296875, 0.34375, 0.3125, 0.3125, 0.25, 0.328125, 0.375, 0.234375, 0.296875, 0.3125, 0.484375, 0.3125, 0.234375, 0.28125, 0.265625, 0.25, 0.375, 0.23255813953488372], [0.359375, 0.421875, 0.296875, 0.3125, 0.546875, 0.421875, 0.390625, 0.34375, 0.4375, 0.484375, 0.359375, 0.390625, 0.390625, 0.375, 0.34375, 0.4375, 0.4375, 0.3125, 0.34375, 0.421875, 0.53125, 0.375, 0.3125, 0.40625, 0.34375, 0.390625, 0.515625, 0.32558139534883723]],