{"acc": [[0.03125, 0.015625, 0.0625, 0.125, 0.09375, 0.078125, 0.125, 0.109375, 0.0625, 0.09375, 0.109375, 0.109375, 0.140625, 0.140625, 0.15625, 0.15625, 0.140625, 0.25, 0.125, 0.109375, 0.28125, 0.25, 0.140625, 0.21875, 0.171875, 0.25, 0.203125, 0.3125, 0.359375, 0.171875, 0.25, 0.1875, 0.28125, 0.203125, 0.1875, 0.140625, 0.15625, 0.3125, 0.140625, 0.21875, 0.25, 0.171875, 0.21875, 0.1875, 0.171875, 0.1875, 0.140625, 0.1875, 0.15625, 0.09375, 0.140625, 0.21875, 0.171875, 0.265625, 0.265625, 0.09375, 0.25, 0.15625, 0.234375, 0.15625, 0.21875, 0.296875, 0.234375, 0.21875, 0.109375, 0.109375, 0.140625, 0.140625, 0.25, 0.21875, 0.265625, 0.109375, 0.15625, 0.296875, 0.1875, 0.296875, 0.265625, 0.265625, 0.296875, 0.28125, 0.265625, 0.28125, 0.140625, 0.15625, 0.15625, 0.15625, 0.234375, 0.1875, 0.296875, 0.15625, 0.203125, 0.1875, 0.21875, 0.203125, 0.328125, 0.15625, 0.25, 0.21875, 0.25, 0.234375, 0.25, 0.265625, 0.203125, 0.21875, 0.25, 0.3125, 0.25, 0.171875, 0.125, 0.203125, 0.15625, 0.265625, 0.171875, 0.078125, 0.28125, 0.15625, 0.25, 0.25, 0.34375, 0.21875, 0.234375, 0.265625, 0.203125, 0.234375, 0.171875, 0.203125, 0.25, 0.234375, 0.3125, 0.328125, 0.3125, 0.25, 0.25, 0.265625, 0.140625, 0.25, 0.40625, 0.21875, 0.14285714285714285]], "loss": [[6.6352128982543945, 6.623557090759277, 6.619759559631348, 6.614560127258301, 6.589627742767334, 6.580535888671875, 6.517388820648193, 6.479366302490234, 6.486041069030762, 6.349703311920166, 6.263343811035156, 6.355915069580078, 6.230103969573975, 6.303884506225586, 6.3087263107299805, 6.296479225158691, 6.119779109954834, 5.974853515625, 6.320209503173828, 6.340932369232178, 6.127163887023926, 6.238922595977783, 6.393289566040039, 6.250312805175781, 6.358072757720947, 6.260451793670654, 6.009411811828613, 6.043459415435791, 5.879628658294678, 6.267919063568115, 6.114238739013672, 6.275818347930908, 6.1372199058532715, 6.254031181335449, 6.085100173950195, 6.306293964385986, 6.293119430541992, 6.255309104919434, 6.207369804382324, 6.140061378479004, 6.093456745147705, 6.267124176025391, 6.2487616539001465, 6.134519100189209, 6.291653633117676, 6.32579231262207, 6.343465805053711, 6.314607620239258, 6.352175235748291, 6.364384651184082, 6.384759426116943, 6.347752094268799, 6.431546688079834, 6.151863098144531, 6.256782531738281, 6.449634552001953, 6.1029462814331055, 6.311787128448486, 6.085138320922852, 6.249887466430664, 6.209764003753662, 6.067883491516113, 6.1633429527282715, 6.112253665924072, 6.01473331451416, 6.355365753173828, 6.433304309844971, 6.23660135269165, 5.8723554611206055, 6.046933174133301, 5.850790500640869, 6.266706466674805, 6.17551851272583, 6.191940784454346, 6.194035530090332, 6.008617401123047, 6.085753440856934, 5.989841461181641, 5.86933708190918, 5.854162693023682, 6.098071098327637, 5.758251667022705, 6.518823623657227, 6.173946380615234, 6.372091770172119, 6.358767032623291, 6.018794536590576, 6.302430629730225, 5.877053737640381, 6.0978593826293945, 6.027379989624023, 6.1429266929626465, 5.724959373474121, 6.199924945831299, 5.912801742553711, 6.119004726409912, 5.776520729064941, 6.014329433441162, 5.760672092437744, 5.903880596160889, 5.899046897888184, 5.875434398651123, 5.962152481079102, 5.851593494415283, 6.054409980773926, 6.077489852905273, 5.830061912536621, 5.919165134429932, 6.280707836151123, 5.912597179412842, 6.346198081970215, 5.976136684417725, 6.237710952758789, 6.406226634979248, 5.823112487792969, 6.062158107757568, 6.1931633949279785, 6.081849575042725, 5.781563758850098, 6.003843784332275, 5.910815715789795, 6.2646636962890625, 6.080018043518066, 5.9167633056640625, 6.186338424682617, 6.021382808685303, 6.078338623046875, 5.9345479011535645, 5.806366443634033, 5.872130870819092, 6.061511993408203, 5.923500061035156, 5.958363056182861, 5.962514877319336, 6.103082180023193, 6.005308628082275, 5.574215888977051, 5.999361991882324, 6.252682209014893]], "batch": [[0, 1, 2, 3, 4, 5, 6, 7, 8, 9, 10, 11, 12, 13, 14, 15, 16, 17, 18, 19, 20, 21, 22, 23, 24, 25, 26, 27, 28, 29, 30, 31, 32, 33, 34, 35, 36, 37, 38, 39, 40, 41, 42, 43, 44, 45, 46, 47, 48, 49, 50, 51, 52, 53, 54, 55, 56, 57, 58, 59, 60, 61, 62, 63, 64, 65, 66, 67, 68, 69, 70, 71, 72, 73, 74, 75, 76, 77, 78, 79, 80, 81, 82, 83, 84, 85, 86, 87, 88, 89, 90, 91, 92, 93, 94, 95, 96, 97, 98, 99, 100, 101, 102, 103, 104, 105, 106, 107, 108, 109, 110, 111, 112, 113, 114, 115, 116, 117, 118, 119, 120, 121, 122, 123, 124, 125, 126, 127, 128, 129, 130, 131, 132, 133, 134, 135, 136, 137, 138]], "val_acc": [0.042483660130718956], "val_loss": [4.6265283721724364], "size": [[64, 64, 64, 64, 64, 64, 64, 64, 64, 64, 64, 64, 64, 64, 64, 64, 64, 64, 64, 64, 64, 64, 64, 64, 64, 64, 64, 64, 64, 64, 64, 64, 64, 64, 64, 64, 64, 64, 64, 64, 64, 64, 64, 64, 64, 64, 64, 64, 64, 64, 64, 64, 64, 64, 64, 64, 64, 64, 64, 64, 64, 64, 64, 64, 64, 64, 64, 64, 64, 64, 64, 64, 64, 64, 64, 64, 64, 64, 64, 64, 64, 64, 64, 64, 64, 64, 64, 64, 64, 64, 64, 64, 64, 64, 64, 64, 64, 64, 64, 64, 64, 64, 64, 64, 64, 64, 64, 64, 64, 64, 64, 64, 64, 64, 64, 64, 64, 64, 64, 64, 64, 64, 64, 64, 64, 64, 64, 64, 64, 64, 64, 64, 64, 64, 64, 64, 64, 64, 7]]}