{"acc": [0.020098039215686276, 0.059803921568627454, 0.13725490196078433, 0.22009803921568627, 0.35441176470588237, 0.50441176470588234, 0.61911764705882355, 0.73774509803921573, 0.8225490196078431, 0.88235294117647056, 0.90490196078431373, 0.9205882352941176, 0.93823529411764706, 0.92990196078431375, 0.95931372549019611, 0.96176470588235297, 0.97499999999999998, 0.97499999999999998, 0.97549019607843135, 0.98725490196078436], "loss": [6.8999928867115692, 5.4640423849517221, 5.0133142153422039, 4.4707489780351226, 3.8322963555653891, 3.1093422992556703, 2.5313696421828924, 2.0765752063078038, 1.7635488477407717, 1.545738262756198, 1.4674149438446644, 1.382882973727058, 1.3657581633212519, 1.3524977123036104, 1.2716822998196471, 1.2506483858706905, 1.2042429643518784, 1.2006665028777777, 1.1953692796183568, 1.1668053514817183], "batch": [15, 15, 15, 15, 15, 15, 15, 15, 15, 15, 15, 15, 15, 15, 15, 15, 15, 15, 15, 15], "val_acc": [0.047058823529411764, 0.12549019607843137, 0.19019607843137254, 0.26666666666666666, 0.29999999999999999, 0.30980392156862746, 0.32941176470588235, 0.3352941176470588, 0.33921568627450982, 0.3352941176470588, 0.31568627450980391, 0.33333333333333331, 0.32941176470588235, 0.32745098039215687, 0.34313725490196079, 0.35294117647058826, 0.35490196078431374, 0.35882352941176471, 0.35490196078431374, 0.34901960784313724], "val_loss": [4.5448785613564882, 4.1577082933164107, 3.6921421340867586, 3.4560336225173054, 3.212911220625335, 3.2176369470708512, 3.1290179888407388, 3.1644133408864339, 3.3031439341750799, 3.4283441721224319, 3.4859316610822493, 3.7105965829363057, 3.7627696261686436, 3.6669815100875556, 3.6084500808341828, 3.6202435484119491, 3.6554873840481625, 3.6914751856934789, 3.7016030648175406, 3.7345541047114952], "size": [63, 63, 63, 63, 63, 63, 63, 63, 63, 63, 63, 63, 63, 63, 63, 63, 63, 63, 63, 63]}