{"acc": [0.13528333333333334, 0.20086666666666667, 0.33538333333333331, 0.49059999999999998, 0.58578333333333332, 0.62561666666666671, 0.66088333333333338, 0.69666666666666666, 0.73448333333333338, 0.76575000000000004, 0.78854999999999997, 0.80813333333333337, 0.82206666666666661, 0.8337, 0.84275, 0.85098333333333331, 0.85763333333333336, 0.86333333333333329, 0.8672333333333333, 0.87139999999999995, 0.87519999999999998, 0.87795000000000001, 0.8807666666666667, 0.88339999999999996, 0.88586666666666669, 0.88848333333333329, 0.89080000000000004, 0.89234999999999998, 0.89516666666666667, 0.89651666666666663, 0.89803333333333335, 0.89978333333333338, 0.90203333333333335, 0.90323333333333333, 0.90515000000000001, 0.9065833333333333, 0.90833333333333333, 0.90973333333333328, 0.9110166666666667, 0.91218333333333335, 0.91344999999999998, 0.91518333333333335, 0.91641666666666666, 0.91728333333333334, 0.91849999999999998, 0.91986666666666672, 0.92084999999999995, 0.92203333333333337, 0.92330000000000001, 0.92426666666666668], "loss": [2.2947399048805237, 2.2683525681495667, 2.2324344363212587, 2.1639787392616272, 2.0201322764158247, 1.7399457523822783, 1.3810158276557922, 1.1025373619198799, 0.93237036722898481, 0.82186050635576247, 0.74148433470726016, 0.6796190468370914, 0.63048539656400682, 0.59094613531231877, 0.5584393546283245, 0.53154664406180385, 0.50877794528007503, 0.48935432457923889, 0.47250189223885536, 0.45741468645632266, 0.44421537485718726, 0.43225856277346614, 0.4213783223479986, 0.41133708363771437, 0.40204307997226713, 0.39337481057643892, 0.38532995942234993, 0.3776278335005045, 0.3703861076235771, 0.36346991156786679, 0.35698110744357109, 0.35060261948406696, 0.34467749774456025, 0.33883911358565094, 0.33317985571920872, 0.32779769994318486, 0.32262567871809006, 0.31746471530944109, 0.31253198661655185, 0.30786930596083401, 0.30314382044225929, 0.29868402070552108, 0.29442038609832527, 0.29004746366292239, 0.28595584721118211, 0.28189093117415903, 0.27787557167559862, 0.27391808412224056, 0.2702965633906424, 0.26659146625548602], "batch": [499, 499, 499, 499, 499, 499, 499, 499, 499, 499, 499, 499, 499, 499, 499, 499, 499, 499, 499, 499, 499, 499, 499, 499, 499, 499, 499, 499, 499, 499, 499, 499, 499, 499, 499, 499, 499, 499, 499, 499, 499, 499, 499, 499, 499, 499, 499, 499, 499, 499], "val_acc": [0.1444, 0.49390000000000001, 0.46829999999999999, 0.55859999999999999, 0.58679999999999999, 0.66869999999999996, 0.68200000000000005, 0.7147, 0.75339999999999996, 0.7863, 0.80489999999999995, 0.81669999999999998, 0.8327, 0.84379999999999999, 0.85070000000000001, 0.85909999999999997, 0.86450000000000005, 0.86899999999999999, 0.87160000000000004, 0.87560000000000004, 0.87909999999999999, 0.88070000000000004, 0.88439999999999996, 0.8861, 0.88859999999999995, 0.89129999999999998, 0.89280000000000004, 0.89510000000000001, 0.89670000000000005, 0.89929999999999999, 0.90039999999999998, 0.90129999999999999, 0.90300000000000002, 0.90610000000000002, 0.90590000000000004, 0.90849999999999997, 0.90900000000000003, 0.91080000000000005, 0.91200000000000003, 0.91339999999999999, 0.91549999999999998, 0.91539999999999999, 0.91639999999999999, 0.91710000000000003, 0.91739999999999999, 0.92020000000000002, 0.9214, 0.92200000000000004, 0.92359999999999998, 0.92390000000000005], "val_loss": [2.2801111044883728, 2.2518085932731626, 2.2028735623359679, 2.1065189929008485, 1.8975837087631227, 1.5467864270210265, 1.2073525639772416, 0.99117362916469576, 0.85760011577606199, 0.76316284364461895, 0.69303759151697164, 0.63768941998481754, 0.59297177428007131, 0.55588935971260067, 0.52671394348144529, 0.50250390106439591, 0.48111548039317131, 0.46378142952919005, 0.44848350441455842, 0.43417378853261474, 0.42259773777425291, 0.41267009125649928, 0.4016595257371664, 0.39248817899823191, 0.38412699623405933, 0.37667217069864273, 0.36931618197262289, 0.36207849121093749, 0.35560478362441061, 0.34887854804098606, 0.34336797468364239, 0.33870782574266195, 0.33204518260806798, 0.32656919765472414, 0.32220687294006345, 0.31718504998832941, 0.31161391258239746, 0.30840338899940251, 0.30349127262085679, 0.29887191483378411, 0.29471124128252268, 0.29004513852298258, 0.28629463944584133, 0.28226087071001532, 0.27915828611701726, 0.27490675657615066, 0.27226755904033778, 0.26850463134795427, 0.26393689602240922, 0.26044019558280707], "size": [60, 60, 60, 60, 60, 60, 60, 60, 60, 60, 60, 60, 60, 60, 60, 60, 60, 60, 60, 60, 60, 60, 60, 60, 60, 60, 60, 60, 60, 60, 60, 60, 60, 60, 60, 60, 60, 60, 60, 60, 60, 60, 60, 60, 60, 60, 60, 60, 60, 60]}