{"acc": [0.0072621641249092234, 0.023238925199709513, 0.068264342774146697, 0.044299201161946258, 0.039941902687000728, 0.042846768336964415, 0.036310820624546117, 0.034132171387073348, 0.03195352214960058, 0.040668119099491647, 0.042846768336964415, 0.039941902687000728, 0.037037037037037035, 0.042846768336964415, 0.04212055192447349, 0.050108932461873638, 0.042846768336964415, 0.044299201161946258, 0.053013798111837325, 0.053013798111837325], "loss": [6.6409523170238485, 6.6163259736852709, 6.5751261731897825, 6.5659261771363457, 6.5489430791152587, 6.5326861417544606, 6.5131478042990381, 6.4909483622881323, 6.4642884393662925, 6.4409600038327595, 6.4175534927074516, 6.3877889318750141, 6.3686710539812958, 6.3407530344822485, 6.3191786858164578, 6.2917644428704733, 6.264278427448148, 6.239825351565492, 6.2190915372982873, 6.1874817735316014], "batch": [21, 21, 21, 21, 21, 21, 21, 21, 21, 21, 21, 21, 21, 21, 21, 21, 21, 21, 21, 21], "val_acc": [0.019607843137254902, 0.026143790849673203, 0.032679738562091505, 0.019607843137254902, 0.019607843137254902, 0.026143790849673203, 0.019607843137254902, 0.032679738562091505, 0.039215686274509803, 0.052287581699346407, 0.026143790849673203, 0.06535947712418301, 0.019607843137254902, 0.019607843137254902, 0.026143790849673203, 0.026143790849673203, 0.013071895424836602, 0.039215686274509803, 0.026143790849673203, 0.019607843137254902], "val_loss": [4.619119572483636, 4.6076242191339629, 4.6012840395659405, 4.6132532942528819, 4.6092569282631466, 4.6090873581132081, 4.6030941944496302, 4.6006390565361075, 4.5963739818996849, 4.5929564681707644, 4.5830357152652121, 4.5830294353510039, 4.5744008675120238, 4.5697940969778825, 4.5661022460538581, 4.5499963074727772, 4.5348626460904393, 4.5392865262000388, 4.5237057692085214, 4.5303659781911012], "size": [31, 31, 31, 31, 31, 31, 31, 31, 31, 31, 31, 31, 31, 31, 31, 31, 31, 31, 31, 31]}