{"acc": [0.007988380537400145, 0.020334059549745823, 0.026870007262164125, 0.052287581699346407, 0.089324618736383449, 0.18010167029774873, 0.15976761074800291, 0.23747276688453159, 0.35802469135802467, 0.2476397966594045, 0.44081336238198982, 0.5584604212055192, 0.65577342047930287, 0.7734204793028322, 0.82861292665214237, 0.87509077705156135, 0.89905591866376178, 0.83877995642701531, 0.90994916485112565, 0.91503267973856206], "loss": [6.872103084060015, 6.6279426064280038, 6.5487007755426365, 6.3854965419118264, 6.1523423939402244, 5.6374485560232257, 5.7467678813892773, 5.3004378621441433, 4.6548989793920139, 5.5957855059776778, 4.3404114386614632, 3.7293955637392306, 3.3804164112869519, 2.9630334074287719, 2.6996475431307903, 2.5094441825614604, 2.4399032824785709, 2.70328644158274, 2.3897547770342968, 2.4352290945461719], "batch": [21, 21, 21, 21, 21, 21, 21, 21, 21, 21, 21, 21, 21, 21, 21, 21, 21, 21, 21, 21], "val_acc": [0.0065359477124183009, 0.013071895424836602, 0.013071895424836602, 0.0, 0.058823529411764705, 0.019607843137254902, 0.039215686274509803, 0.078431372549019607, 0.039215686274509803, 0.16339869281045752, 0.28758169934640521, 0.23529411764705882, 0.22222222222222221, 0.26143790849673204, 0.31372549019607843, 0.29411764705882354, 0.18300653594771241, 0.29411764705882354, 0.33333333333333331, 0.30718954248366015], "val_loss": [4.6471762283175595, 4.6366143569447633, 4.5738834991953734, 4.6215070618523493, 4.3363842652514091, 5.5250860850016279, 4.6038920333962032, 4.0596448035022012, 9.8951872221005512, 3.794147669100294, 3.4253815264483682, 3.6201022668601639, 3.8018060665504607, 3.7528995096293931, 4.1223855080947374, 4.4239529690711326, 6.1955381655225565, 4.2771852811177569, 4.1904309201084713, 4.2884325139662796], "size": [31, 31, 31, 31, 31, 31, 31, 31, 31, 31, 31, 31, 31, 31, 31, 31, 31, 31, 31, 31]}