{"acc": [0.0083333333333333332, 0.015196078431372549, 0.040196078431372552, 0.070098039215686275, 0.097549019607843138, 0.13284313725490196, 0.17303921568627451, 0.21372549019607842, 0.24313725490196078, 0.27990196078431373, 0.31029411764705883, 0.33872549019607845, 0.37990196078431371, 0.39754901960784311, 0.44166666666666665, 0.48039215686274511, 0.52303921568627454, 0.54607843137254897, 0.58529411764705885, 0.59754901960784312], "loss": [6.6459498237161077, 6.6278811716565897, 6.5667809261995203, 6.4330684961057178, 6.2184177492179122, 5.9699086825052898, 5.7210012510711072, 5.4708341112323833, 5.2772570628745887, 5.059673069972618, 4.8176464604396445, 4.6713364956425689, 4.5030205184338143, 4.3720907977983066, 4.1596476339826394, 3.9948263916314817, 3.836992929496017, 3.7044872667275222, 3.5503354811200909, 3.4603906070484833], "batch": [15, 15, 15, 15, 15, 15, 15, 15, 15, 15, 15, 15, 15, 15, 15, 15, 15, 15, 15, 15], "val_acc": [0.0058823529411764705, 0.043137254901960784, 0.039215686274509803, 0.066666666666666666, 0.096078431372549025, 0.14117647058823529, 0.1803921568627451, 0.19411764705882353, 0.18627450980392157, 0.21568627450980393, 0.20588235294117646, 0.22549019607843138, 0.24901960784313726, 0.24705882352941178, 0.26666666666666666, 0.27254901960784311, 0.27254901960784311, 0.27647058823529413, 0.26862745098039215, 0.26470588235294118], "val_loss": [4.6244183091556321, 4.6090390354979274, 4.5637386153726016, 4.4150198992560892, 4.2848460309645713, 4.0132599886725933, 3.8384007388470218, 3.6950953128291113, 3.6043951969520718, 3.5185776196274103, 3.5878503939684698, 3.4334480276294781, 3.4344111199472467, 3.4287596590378704, 3.4030932650846593, 3.383341989330217, 3.3970535558812758, 3.4872724673327276, 3.4592206487468644, 3.517171091191909], "size": [63, 63, 63, 63, 63, 63, 63, 63, 63, 63, 63, 63, 63, 63, 63, 63, 63, 63, 63, 63]}