{"acc": [0.010294117647058823, 0.023039215686274511, 0.067647058823529407, 0.12598039215686274, 0.21666666666666667, 0.29509803921568628, 0.41176470588235292, 0.49901960784313726, 0.58970588235294119, 0.68676470588235294, 0.74705882352941178, 0.81666666666666665, 0.86764705882352944, 0.89068627450980398, 0.91911764705882348, 0.92303921568627456, 0.93725490196078431, 0.95049019607843133, 0.95343137254901966, 0.95588235294117652], "loss": [6.7546251727085487, 6.5685671376247035, 6.3923155878104412, 6.0123445585662241, 5.5298135907042258, 4.9754293404373469, 4.4262740714877262, 3.9438999811808269, 3.5500611249138325, 3.140937962251551, 2.9156698320426191, 2.6622036868450687, 2.4583419154672064, 2.3849517504374185, 2.2467202523175409, 2.2487366377138622, 2.2049839674257763, 2.1461948254529166, 2.1141644085154816, 2.0938422399408676], "batch": [15, 15, 15, 15, 15, 15, 15, 15, 15, 15, 15, 15, 15, 15, 15, 15, 15, 15, 15, 15], "val_acc": [0.017647058823529412, 0.025490196078431372, 0.096078431372549025, 0.17647058823529413, 0.22941176470588234, 0.28235294117647058, 0.29019607843137257, 0.31568627450980391, 0.32941176470588235, 0.35098039215686272, 0.36078431372549019, 0.37254901960784315, 0.35490196078431374, 0.38235294117647056, 0.40980392156862744, 0.36470588235294116, 0.36274509803921567, 0.37647058823529411, 0.38039215686274508, 0.38235294117647056], "val_loss": [4.6060764761532056, 4.5236973631615731, 4.2238962192161411, 3.8611437573152432, 3.5545020823385203, 3.3296497326271206, 3.2251613224253934, 3.2212611067528818, 3.0711489135143806, 3.2338045382032208, 3.1858052936254762, 3.3338059098112818, 3.4731466059591254, 3.3959240371105719, 3.5260029792785645, 3.7551671561072855, 3.803117525811289, 3.7680627654580507, 3.8178032650667078, 3.6830155886855782], "size": [63, 63, 63, 63, 63, 63, 63, 63, 63, 63, 63, 63, 63, 63, 63, 63, 63, 63, 63, 63]}