{"acc": [0.011274509803921568, 0.033333333333333333, 0.071568627450980388, 0.13039215686274511, 0.21323529411764705, 0.31029411764705883, 0.41421568627450983, 0.51813725490196083, 0.62549019607843137, 0.71911764705882353, 0.77990196078431373, 0.84313725490196079, 0.87892156862745097, 0.92450980392156867, 0.9205882352941176, 0.93235294117647061, 0.95049019607843133, 0.95882352941176474, 0.97058823529411764, 0.97107843137254901], "loss": [6.8012844216589832, 6.5882319637373383, 6.4059088445177261, 6.0194552795559755, 5.4765761712018177, 4.9136244212879854, 4.4194034333322563, 3.9012892386492561, 3.4284658684450036, 3.001411469777425, 2.7880096622541841, 2.5365525292415243, 2.4386219249052159, 2.2761676246044682, 2.2797694701774449, 2.193929100036621, 2.152807659261367, 2.1071124441483442, 2.0686933508106304, 2.0526536511439901], "batch": [15, 15, 15, 15, 15, 15, 15, 15, 15, 15, 15, 15, 15, 15, 15, 15, 15, 15, 15, 15], "val_acc": [0.015686274509803921, 0.041176470588235294, 0.090196078431372548, 0.18627450980392157, 0.24313725490196078, 0.28431372549019607, 0.34509803921568627, 0.37254901960784315, 0.37254901960784315, 0.37450980392156863, 0.36862745098039218, 0.396078431372549, 0.3784313725490196, 0.40588235294117647, 0.40196078431372551, 0.42156862745098039, 0.41960784313725491, 0.41176470588235292, 0.44313725490196076, 0.42156862745098039], "val_loss": [4.6094904955695659, 4.5147162605734437, 4.1983273150874121, 3.7742103838453107, 3.3541176412619795, 3.0569175336875167, 2.7689885896794935, 2.7723847136777988, 2.7321723909939037, 2.9417852972068039, 2.9615161119722853, 3.1462465164708155, 3.1305914551604026, 3.2635835843927721, 3.2187764373480103, 3.3892025293088426, 3.3217744247586118, 3.2533222871668199, 3.3004788791432098, 3.2868208576651181], "size": [63, 63, 63, 63, 63, 63, 63, 63, 63, 63, 63, 63, 63, 63, 63, 63, 63, 63, 63, 63]}