{"acc": [0.0087145969498910684, 0.021060275962236745, 0.044299201161946258, 0.082788671023965144, 0.14233841684822077, 0.21713870733478577, 0.31590413943355122, 0.4262890341321714, 0.57443718228031948, 0.65214233841684821, 0.7734204793028322, 0.80464778503994194, 0.85112563543936093, 0.88743645606390709, 0.90849673202614378, 0.92810457516339873, 0.93899782135076248, 0.94480755265068994, 0.95206971677559915, 0.95134350036310822], "loss": [6.7599750448156284, 6.6061403289080189, 6.493889918081468, 6.2710309167140279, 5.894986698397191, 5.4092479389304255, 4.8489877469485965, 4.2809686401051374, 3.6788536859926486, 3.2891202468151794, 2.8751580600904743, 2.7488799728858964, 2.5460132769942718, 2.424984381695805, 2.3257650506608973, 2.2680739871643554, 2.2281682326816181, 2.2148372159111562, 2.1794616552739363, 2.1379218392382522], "batch": [10, 10, 10, 10, 10, 10, 10, 10, 10, 10, 10, 10, 10, 10, 10, 10, 10, 10, 10, 10], "val_acc": [0.0065359477124183009, 0.045751633986928102, 0.058823529411764705, 0.10457516339869281, 0.098039215686274508, 0.20261437908496732, 0.24836601307189543, 0.30065359477124182, 0.25490196078431371, 0.25490196078431371, 0.30718954248366015, 0.30065359477124182, 0.31372549019607843, 0.30065359477124182, 0.30718954248366015, 0.31372549019607843, 0.31372549019607843, 0.29411764705882354, 0.30065359477124182, 0.27450980392156865], "val_loss": [4.6257836616117194, 4.5998721527897457, 4.5027982612061344, 4.3150863398134316, 4.159646261751262, 3.7372104093140246, 3.7123980568904504, 3.5862949985304691, 3.7615496426625969, 3.7580282205070548, 3.9902934311262142, 4.0118228999617829, 4.0531259424546189, 4.3631892438028377, 4.4487145866443907, 4.7024955126195174, 4.5804355315912781, 4.6106841423932243, 4.59029764287612, 4.65404205072939], "size": [63, 63, 63, 63, 63, 63, 63, 63, 63, 63, 63, 63, 63, 63, 63, 63, 63, 63, 63, 63]}