{"acc": [0.016176470588235296, 0.029411764705882353, 0.072058823529411759, 0.15049019607843137, 0.23578431372549019, 0.34313725490196079, 0.44803921568627453, 0.52843137254901962, 0.6367647058823529, 0.71372549019607845, 0.77941176470588236, 0.8294117647058824, 0.85343137254901957, 0.86470588235294121, 0.86372549019607847, 0.89803921568627454, 0.89803921568627454, 0.92598039215686279, 0.95588235294117652, 0.96225490196078434], "loss": [6.7507714963426775, 6.5816484133402504, 6.3517383650237438, 5.9293599240920125, 5.3790788482217229, 4.8089220738878433, 4.2870538431055403, 3.8286797822690479, 3.4700354884652529, 3.1413872915155747, 2.9239348682702757, 2.7274708635666789, 2.6997975910411163, 2.6717574764700496, 2.7336358986648857, 2.607867981405819, 2.5926905884462244, 2.5464555572060976, 2.3939579739290124, 2.33598643284218], "batch": [15, 15, 15, 15, 15, 15, 15, 15, 15, 15, 15, 15, 15, 15, 15, 15, 15, 15, 15, 15], "val_acc": [0.011764705882352941, 0.043137254901960784, 0.11372549019607843, 0.17450980392156862, 0.22745098039215686, 0.27450980392156865, 0.27450980392156865, 0.31176470588235294, 0.26862745098039215, 0.35686274509803922, 0.30588235294117649, 0.34509803921568627, 0.32156862745098042, 0.30588235294117649, 0.32156862745098042, 0.35098039215686272, 0.34313725490196079, 0.33333333333333331, 0.36666666666666664, 0.33725490196078434], "val_loss": [4.6110932481055169, 4.5310830153670967, 4.1968606219572182, 3.7949009231492585, 3.5605747699737549, 3.3801350472020166, 3.4627126740474328, 3.2365260292502009, 3.6088862222783704, 3.3262049628239052, 3.6190713405609132, 3.5042291547737872, 3.7023477535621794, 4.1522158230052275, 3.7316810991249834, 3.639588534598257, 3.9408635345159793, 3.8795822854135551, 3.8538393329171572, 3.9446590376835244], "size": [63, 63, 63, 63, 63, 63, 63, 63, 63, 63, 63, 63, 63, 63, 63, 63, 63, 63, 63, 63]}