{"acc": [0.0065359477124183009, 0.010893246187363835, 0.025417574437182282, 0.051561365286855482, 0.099491648511256359, 0.12708787218591139, 0.15613652868554828, 0.19607843137254902, 0.26942628903413218, 0.28322440087145967, 0.42556281771968046, 0.13507625272331156, 0.36383442265795207, 0.10457516339869281, 0.23021060275962238, 0.010167029774872912, 0.010167029774872912, 0.013071895424836602, 0.031227305737109658, 0.047204066811909952], "loss": [8.7549838154057973, 8.6264433871167423, 8.5536577589025331, 8.3500456619539722, 8.0809271749414737, 7.9637146058425401, 7.7509420608902806, 7.6092130959510111, 7.1564659400529935, 7.0791237047814599, 6.2352665833311836, 8.0198480897652722, 6.6952423072848184, 8.6866749712930869, 7.4826621385960799, 8.7635762603194625, 8.6160223523862314, 8.5743088386330637, 8.4406172985085224, 8.3621316714484184], "batch": [21, 21, 21, 21, 21, 21, 21, 21, 21, 21, 21, 21, 21, 21, 21, 21, 21, 21, 21, 21], "val_acc": [0.0, 0.0, 0.0, 0.039215686274509803, 0.0065359477124183009, 0.026143790849673203, 0.045751633986928102, 0.045751633986928102, 0.013071895424836602, 0.071895424836601302, 0.032679738562091505, 0.098039215686274508, 0.019607843137254902, 0.039215686274509803, 0.0065359477124183009, 0.0, 0.0, 0.0065359477124183009, 0.019607843137254902, 0.032679738562091505], "val_loss": [4.6299878631541933, 4.6285598979276772, 4.5965863053315603, 4.4689371913087133, 9.8013507306965355, 5.1917615653642644, 7.9011270610335602, 8.8558927673140388, 9.0919103310778251, 4.3292439092997634, 11.507620387607151, 4.3641402331832184, 15.643974628323823, 4.4466828333786115, 11.054018974304199, 4.6253708515291896, 4.6269841100655347, 4.6170474532382944, 4.8758431509429334, 4.5269953627991519], "size": [31, 31, 31, 31, 31, 31, 31, 31, 31, 31, 31, 31, 31, 31, 31, 31, 31, 31, 31, 31]}